Social Campaign Advertiser,Campaign Name,Media Buy Name,Social Platform,Display Vehicle (Mapped),[NEW MAPPED] Display Business Unit,Report Site Name,Audience Type,Display Audience Funnel,Display Placement Type (Banner/Video/Mobile) (Mapped),Filterable Spend,Filterable Impressions,Filterable Clicks,Add To Cart
Dell FY24 Q1 AW BSP (DET/ALW/13),2024_Q3_US_CSBO-AW_BSP_SOCIAL_RETARGETING_BSP,FACEBOOK_PERSONA-1PD RETARGET_SOCIAL AD_1x1_DCPM_NO-VF_CT_FY24Q3_NA_DPA BSP_10,Facebook/Instagram,Social,Alienware,Facebook,1PD,Brand Seekers/Purchasers,Social,284907.65,13003214,26577,44524
Dell FY24 Q1 SB HP (DET/SB/268),2024_Q3_US_SBG-SB_HP_SOCIAL_PROSPECTING_HP,FACEBOOK_AFFINITY-3PD BEHAVIOR_SOCIAL AD_1x1_DCPM_NO-VF_CT_FY24Q3_NA_WTN Demand Creation HP_10,Facebook/Instagram,Social,Small Business,Facebook,3PD,Demand Creation,Social,157735.87,66231986,56034,3324
Dell,2024_Q3_US_CSBO-CON_HP_SOCIAL_PROSPECTING_HP,SNAPCHAT_IN MARKET-3PD BEHAVIOR_SOCIAL AD_1x1_DCPM_NO-VF_CT_FY24Q3_NA_Demand Creation HP_1,Snapchat,Social,Consumer,Snapchat,3PD,Demand Creation,Social,152875.1491,18611612,67039,0
Dell FY24 Q1 CSB BSP (DET/CSB/4),2024_Q3_US_CSBO-CSB_BSP_SOCIAL_RETARGETING_BSP,FACEBOOK_PERSONA-1PD RETARGET_SOCIAL AD_1x1_DCPM_NO-VF_CT_FY24Q3_NA_DPA BSP_10,Facebook/Instagram,Social,Consumer Small Business,Facebook,1PD,Brand Seekers/Purchasers,Social,144007.8,5115862,9058,19001
Dell FY24 Q1 SB HP (DET/SB/268),2024_Q3_US_SBG-SB_HP_SOCIAL_PROSPECTING_HP,FACEBOOK_AFFINITY-3PD BEHAVIOR_SOCIAL AD_1x1_DCPM_NO-VF_CT_FY24Q3_NA_WTN Demand Creation HP_1,Facebook/Instagram,Social,Small Business,Facebook,Other,Demand Creation,Social,139732.12,63583469,54122,4116
Dell FY24 Q1 AW BSP (DET/ALW/13),2024_Q3_US_CSBO-AW_BSP_SOCIAL_RETARGETING_BSP,FACEBOOK_PERSONA-1PD RETARGET_SOCIAL AD_1x1_DCPM_NO-VF_CT_FY24Q3_NA_Social Amp BSP_1,Facebook/Instagram,Social,Alienware,Facebook,1PD,Brand Seekers/Purchasers,Social,133389.28,8454669,26542,35747
Dell FY24 Q1 AW BSP (DET/ALW/13),2024_Q3_US_CSBO-AW_BSP_SOCIAL_RETARGETING_BSP,FACEBOOK_PERSONA-1PD RETARGET_SOCIAL AD_1x1_DCPM_NO-VF_CT_FY24Q3_NA_DPA Monitor BSP_1,Facebook/Instagram,Social,Alienware,Facebook,1PD,Brand Seekers/Purchasers,Social,116477.08,5774683,14324,21226
Dell FY24 Q1 AW BSP (DET/ALW/13),2024_Q3_US_CSBO-AW_BSP_SOCIAL_RETARGETING_BSP,FACEBOOK_PERSONA-1PD RETARGET_SOCIAL AD_1x1_DCPM_NO-VF_CT_FY24Q3_NA_DPA Monitor BSP_10,Facebook/Instagram,Social,Alienware,Facebook,1PD,Brand Seekers/Purchasers,Social,113185.01,4971846,11445,19287
Dell FY24 Q1 Consumer HP (DET/CON/526),2024_Q3_US_CSBO-CON_HP_SOCIAL_PROSPECTING_HP,FACEBOOK_AFFINITY-3PD BEHAVIOR_SOCIAL AD_1x1_DCPM_NO-VF_CT_FY24Q3_NA_Influencer Demand Creation HP_11,Facebook/Instagram,Social,Consumer,Facebook,3PD,Demand Creation,Social,110308.34,53568909,41925,2844
2024_Q3_US_SBG-SB_HP_SOCIAL_PROSPECTING_HP (511839834),2024_Q3_US_SBG-SB_HP_SOCIAL_PROSPECTING_HP,LINKEDIN_AFFINITY-3PD BEHAVIOR_SOCIAL AD_1x1_DCPM_NO-VF_CT_FY24Q3_NA_WTN Demand Creation HP_1,LinkedIn,Social,Small Business,LinkedIn,3PD,Demand Creation,Social,110110.9476,31322963,4996,0
Dell FY24 Q1 CSB BSP (DET/CSB/4),2024_Q3_US_CSBO-CSB_BSP_SOCIAL_RETARGETING_BSP,FACEBOOK_PERSONA-1PD RETARGET_SOCIAL AD_1x1_DCPM_NO-VF_CT_FY24Q3_NA_DPA BSP_12,Facebook/Instagram,Social,Consumer Small Business,Facebook,1PD,Brand Seekers/Purchasers,Social,108362.95,5426147,18403,23646
Alienware,2024_Q3_US_CSBO-AW_HP_SOCIAL_PROSPECTING_HP,TIKTOK_AFFINITY-3PD BEHAVIOR_SOCIAL AD_1x1_DCPM_NO-VF_CT_FY24Q3_NA_Demand Creation HP_1,TikTok,Social,Alienware,TikTok,3PD,Demand Creation,Social,101791.97,34552001,53724,0
2024_Q3_US_SBG-SB_HP_SOCIAL_PROSPECTING_HP (511839834),2024_Q3_US_SBG-SB_HP_SOCIAL_PROSPECTING_HP,LINKEDIN_AFFINITY-3PD BEHAVIOR_SOCIAL AD_1x1_DCPM_NO-VF_CT_FY24Q3_NA_WTN Demand Creation HP_2,LinkedIn,Social,Small Business,LinkedIn,3PD,Demand Creation,Social,91306.06853,23416480,3445,0
Dell FY24 Q1 AW HP (DET/ALW/12),2024_Q3_US_CSBO-AW_HP_SOCIAL_PROSPECTING_HP,FACEBOOK_AFFINITY-3PD BEHAVIOR_SOCIAL AD_1x1_DCPM_NO-VF_CT_FY24Q3_NA_Demand Creation HP_1,Facebook/Instagram,Social,Alienware,Facebook,3PD,Demand Creation,Social,89093.68,40633902,24280,2117
Dell FY24 Q1 SB ISG AP (DET/SB/267),2024_Q3_US_SBG-SB_AP_SOCIAL_PROSPECTING_ISG AP,FACEBOOK_AFFINITY-3PD BEHAVIOR_SOCIAL AD_1x1_DCPM_NO-VF_CT_FY24Q3_NA_ISG Prospecting Conversion AP_1,Facebook/Instagram,Social - Strategic Program,Small Business,Facebook,3PD,Active Prospects,Social,83087.23002,4165833,5986,64460
Dell - AW,2024_Q3_US_CSBO-AW_HP_SOCIAL_PROSPECTING_HP,SNAPCHAT_AFFINITY-3PD BEHAVIOR_SOCIAL AD_1x1_DCPM_NO-VF_CT_FY24Q3_NA_Demand Creation HP_1,Snapchat,Social,Alienware,Snapchat,3PD,Demand Creation,Social,81277.78874,9153569,48573,0
Dell FY24 Q1 CSB BSP (DET/CSB/4),2024_Q3_US_CSBO-CSB_BSP_SOCIAL_RETARGETING_BSP,FACEBOOK_PERSONA-1PD RETARGET_SOCIAL AD_1x1_DCPM_NO-VF_CT_FY24Q3_NA_Social Amp BSP_1,Facebook/Instagram,Social,Consumer Small Business,Facebook,1PD,Brand Seekers/Purchasers,Social,77421.24,5250602,39727,21858
Dell FY24 Q1 CSB AP (DET/CSB/3),2024_Q3_US_CSBO-CSB_AP_SOCIAL_PROSPECTING_AP,FACEBOOK_AFFINITY-3PD BEHAVIOR_SOCIAL AD_1x1_DCPM_NO-VF_CT_FY24Q3_NA_ASC AP_10,Facebook/Instagram,Social,Consumer Small Business,Facebook,3PD,Active Prospects,Social,71239.36001,5906826,36552,29405
Dell FY24 Q3 ISG HP (DET/SB/17),2024_Q3_US_SBG-SB_HP_SOCIAL_PROSPECTING_ISG HP,FACEBOOK_AFFINITY-3PD BEHAVIOR_SOCIAL AD_1x1_DCPM_NO-VF_CT_FY24Q3_NA_ISG Demand Creation HP_10,Facebook/Instagram,Social - Strategic Program,Small Business,Facebook,3PD,Demand Creation,Social,64719.47,31915155,16372,1317
Consumer,2024_Q3_US_CSBO-CON_HP_SOCIAL_PROSPECTING_HP,TIKTOK_AFFINITY-3PD BEHAVIOR_SOCIAL AD_1x1_DCPM_NO-VF_CT_FY24Q3_NA_Demand Creation HP_1,TikTok,Social,Consumer,TikTok,3PD,Demand Creation,Social,63441.71,20237981,39461,0
Consumer,2024_Q3_US_CSBO-CON_HP_SOCIAL_PROSPECTING_HP,TIKTOK_AFFINITY-3PD BEHAVIOR_SOCIAL AD_1x1_DCPM_NO-VF_CT_FY24Q3_NA_Demand Creation HP_10,TikTok,Social,Consumer,TikTok,3PD,Demand Creation,Social,63188.15,16684611,31324,0
Dell FY24 Q1 CSB BSP (DET/CSB/4),2024_Q3_US_CSBO-CSB_BSP_SOCIAL_RETARGETING_BSP,FACEBOOK_PERSONA-1PD RETARGET_SOCIAL AD_1x1_DCPM_NO-VF_CT_FY24Q3_NA_DPA BSP_13,Facebook/Instagram,Social,Consumer Small Business,Facebook,1PD,Brand Seekers/Purchasers,Social,60603.72999,3342171,5988,15042
Dell FY24 Q1 CSB BSP (DET/CSB/4),2024_Q3_US_CSBO-CSB_BSP_SOCIAL_RETARGETING_BSP,FACEBOOK_PERSONA-1PD RETARGET_SOCIAL AD_1x1_DCPM_NO-VF_CT_FY24Q3_NA_DPA BSP_1,Facebook/Instagram,Social,Consumer Small Business,Facebook,1PD,Brand Seekers/Purchasers,Social,59619.14,3127941,20898,9808
Dell FY24 Q3 ISG HP (DET/SB/17),2024_Q3_US_SBG-SB_HP_SOCIAL_PROSPECTING_ISG HP,FACEBOOK_AFFINITY-3PD BEHAVIOR_SOCIAL AD_1x1_DCPM_NO-VF_CT_FY24Q3_NA_ISG Demand Creation HP_1,Facebook/Instagram,Social - Strategic Program,Small Business,Facebook,Other,Demand Creation,Social,58936.18,33576199,17800,1813
Dell FY24 Q1 AW AP (DET/ALW/14),2024_Q3_US_CSBO-AW_AP_SOCIAL_PROSPECTING_AP,FACEBOOK_PIXEL-3PD LAL_SOCIAL AD_1x1_DCPM_NO-VF_CT_FY24Q3_NA_ASC AP_1,Facebook/Instagram,Social,Alienware,Facebook,3PD,Active Prospects,Social,55244.68,3928617,21612,24605
Dell FY24 Q1 SB HP (DET/SB/268),2024_Q3_US_SBG-SB_HP_SOCIAL_PROSPECTING_HP,FACEBOOK_AFFINITY-3PD BEHAVIOR_SOCIAL AD_1x1_DCPM_NO-VF_CT_FY24Q3_NA_Influencer Demand Creation HP_10,Facebook/Instagram,Social,Small Business,Facebook,3PD,Demand Creation,Social,53854.82001,22838398,25263,914
Dell FY24 Q1 CSB BSP (DET/CSB/4),2024_Q3_US_CSBO-CSB_BSP_SOCIAL_RETARGETING_BSP,FACEBOOK_PERSONA-1PD RETARGET_SOCIAL AD_1x1_DCPM_NO-VF_CT_FY24Q3_NA_Social Amp BSP_11,Facebook/Instagram,Social,Consumer Small Business,Facebook,1PD,Brand Seekers/Purchasers,Social,50994.66999,3716682,10164,11772
Dell FY24 Q1 AW AP (DET/ALW/14),2024_Q3_US_CSBO-AW_AP_SOCIAL_PROSPECTING_AP,FACEBOOK_PIXEL-3PD LAL_SOCIAL AD_1x1_DCPM_NO-VF_CT_FY24Q3_NA_ASC AP_12,Facebook/Instagram,Social,Alienware,Facebook,3PD,Active Prospects,Social,49313.99002,2788098,9477,20230
Small Business,2024_Q3_US_SBG-SB_HP_SOCIAL_PROSPECTING_HP,TIKTOK_AFFINITY-3PD BEHAVIOR_SOCIAL AD_1x1_DCPM_NO-VF_CT_FY24Q3_NA_Influencer Demand Creation HP_1,TikTok,Social,Small Business,TikTok,3PD,Demand Creation,Social,49002.46,7294399,20532,0
Dell FY24 Q1 AW AP (DET/ALW/14),2024_Q3_US_CSBO-AW_AP_SOCIAL_PROSPECTING_AP,FACEBOOK_AFFINITY-3PD BEHAVIOR_SOCIAL AD_1x1_DCPM_NO-VF_CT_FY24Q3_NA_Influencer Prospecting Traffic AP_10,Facebook/Instagram,Social,Alienware,Facebook,3PD,Active Prospects,Social,44769.55,5670698,199769,1011
Consumer,2024_Q3_US_CSBO-CON_HP_SOCIAL_PROSPECTING_HP,TIKTOK_AFFINITY-3PD BEHAVIOR_SOCIAL AD_1x1_DCPM_NO-VF_CT_FY24Q3_NA_Influencer Demand Creation HP_2,TikTok,Social,Consumer,TikTok,3PD,Demand Creation,Social,43614.47,6902082,24273,0
Alienware,2024_Q3_US_CSBO-AW_AP_SOCIAL_PROSPECTING_AP,TIKTOK_AFFINITY-3PD BEHAVIOR_SOCIAL AD_1x1_DCPM_NO-VF_CT_FY24Q3_NA_Prospecting Traffic AP_1,TikTok,Social,Alienware,TikTok,3PD,Active Prospects,Social,42639.85,9285354,91847,0
Dell FY24 Q1 CSB BSP (DET/CSB/4),2024_Q3_US_CSBO-CSB_BSP_SOCIAL_RETARGETING_BSP,FACEBOOK_PERSONA-1PD RETARGET_SOCIAL AD_1x1_DCPM_NO-VF_CT_FY24Q3_NA_Social Amp BSP_10,Facebook/Instagram,Social,Consumer Small Business,Facebook,1PD,Brand Seekers/Purchasers,Social,42066.53,2066257,5018,8382
2024_Q3_US_SBG-SB_AP_SOCIAL_PROSPECTING_ISG (511838843),2024_Q3_US_SBG-SB_AP_SOCIAL_PROSPECTING_ISG AP,LINKEDIN_AFFINITY-3PD BEHAVIOR_SOCIAL AD_1x1_DCPM_NO-VF_CT_FY24Q3_NA_ISG Prospecting Traffic AP_1,LinkedIn,Social - Strategic Program,Small Business,LinkedIn,3PD,Active Prospects,Social,41152.12873,487847,1549,0
Dell,2024_Q3_US_CSBO-CON_BSP_SOCIAL_RETARGETING_BSP,SNAPCHAT_PERSONA-1PD RETARGET_SOCIAL AD_1x1_DCPM_NO-VF_CT_FY24Q3_NA_DPA BSP_1,Snapchat,Social,Consumer,Snapchat,1PD,Brand Seekers/Purchasers,Social,40385.45803,2992245,18573,0
Dell FY24 Q1 Consumer HP (DET/CON/526),2024_Q3_US_CSBO-CON_HP_SOCIAL_PROSPECTING_HP,FACEBOOK_AFFINITY-3PD BEHAVIOR_SOCIAL AD_1x1_DCPM_NO-VF_CT_FY24Q3_NA_Demand Creation HP_1,Facebook/Instagram,Social,Consumer,Facebook,3PD,Demand Creation,Social,40310.97001,19228753,9869,1658
Dell Technologies US,2024_Q3_US_SBG-PROGRAMS_AP_SOCIAL_PROSPECTING_PROGRAMS AP,REDDIT_AFFINITY-3PD BEHAVIOR_SOCIAL AD_1x1_DCPM_NO-VF_CT_FY24Q3_NA_DEN Prospecting Traffic AP_1,Reddit,Social - Strategic Program,Small Business,Reddit.com,3PD,Active Prospects,Social,39424.06166,6831346,24915,2937
Dell - AW,2024_Q3_US_CSBO-AW_BSP_SOCIAL_RETARGETING_BSP,SNAPCHAT_PERSONA-1PD RETARGET_SOCIAL AD_1x1_DCPM_NO-VF_CT_FY24Q3_NA_DPA BSP_1,Snapchat,Social,Alienware,Snapchat,1PD,Brand Seekers/Purchasers,Social,36928.15967,2757713,18520,0
Consumer,2024_Q3_US_CSBO-CON_BSP_SOCIAL_RETARGETING_BSP,TIKTOK_PERSONA-1PD RETARGET_SOCIAL AD_1x1_DCPM_NO-VF_CT_FY24Q3_NA_DPA BSP_1,TikTok,Social,Consumer,TikTok,1PD,Brand Seekers/Purchasers,Social,36225.09,6679409,27423,0
Dell FY24 Q1 SB ISG AP (DET/SB/267),2024_Q3_US_SBG-SB_AP_SOCIAL_PROSPECTING_ISG AP,FACEBOOK_AFFINITY-3PD BEHAVIOR_SOCIAL AD_1x1_DCPM_NO-VF_CT_FY24Q3_NA_ISG Prospecting Conversion AP_2,Facebook/Instagram,Social - Strategic Program,Small Business,Facebook,3PD,Active Prospects,Social,33785.63998,2381004,3545,22799
Dell FY24 Q1 Consumer HP (DET/CON/526),2024_Q3_US_CSBO-CON_HP_SOCIAL_PROSPECTING_HP,FACEBOOK_AFFINITY-3PD BEHAVIOR_SOCIAL AD_1x1_DCPM_NO-VF_CT_FY24Q3_NA_Influencer Demand Creation HP_10,Facebook/Instagram,Social,Consumer,Facebook,3PD,Demand Creation,Social,33655.15999,16068283,13899,571
Dell - AW,2024_Q3_US_CSBO-AW_HP_SOCIAL_PROSPECTING_HP,SNAPCHAT_AFFINITY-3PD BEHAVIOR_SOCIAL AD_1x1_DCPM_NO-VF_CT_FY24Q3_NA_Demand Creation HP_3,Snapchat,Social,Alienware,Snapchat,3PD,Demand Creation,Social,32342.38364,4010707,5295,0
Dell - AW,2024_Q3_US_CSBO-AW_AP_SOCIAL_PROSPECTING_AP,SNAPCHAT_AFFINITY-3PD BEHAVIOR_SOCIAL AD_1x1_DCPM_NO-VF_CT_FY24Q3_NA_Prospecting Traffic AP_1,Snapchat,Social,Alienware,Snapchat,3PD,Active Prospects,Social,32325.46281,2992251,59444,0
Dell - AW,2024_Q3_US_CSBO-AW_AP_SOCIAL_PROSPECTING_AP,SNAPCHAT_PIXEL-3PD LAL_SOCIAL AD_1x1_DCPM_NO-VF_CT_FY24Q3_NA_Prospecting Conversion AP_11,Snapchat,Social,Alienware,Snapchat,3PD,Active Prospects,Social,31778.90855,3274910,13307,0
Dell FY24 Q1 SB Strat Programs AP (DET/SB/269),2024_Q3_US_SBG-PROGRAMS_AP_SOCIAL_PROSPECTING_PROGRAMS AP,FACEBOOK_AFFINITY-3PD BEHAVIOR_SOCIAL AD_1x1_DCPM_NO-VF_CT_FY24Q3_NA_SBA Retargeting Traffic AP_1,Facebook/Instagram,Social - Strategic Program,Small Business,Facebook,3PD,Active Prospects,Social,31284.24999,4396455,47047,1125
2024_Q3_US_SBG- PROGRAMS_AP_SOCIAL_PROSPECTING_PROGRAMS AP (511848071),2024_Q3_US_SBG-PROGRAMS_AP_SOCIAL_PROSPECTING_PROGRAMS AP,LINKEDIN_AFFINITY-3PD BEHAVIOR_SOCIAL AD_1x1_DCPM_NO-VF_CT_FY24Q3_NA_SBA Retargeting Traffic AP_1,LinkedIn,Social - Strategic Program,Small Business,LinkedIn,3PD,Active Prospects,Social,31219.95741,349461,2419,0
Dell FY24 Q1 SB ISG AP (DET/SB/267),2024_Q3_US_SBG-SB_AP_SOCIAL_PROSPECTING_ISG AP,FACEBOOK_RETARGET-1PD RETARGET_SOCIAL AD_1x1_DCPM_NO-VF_CT_FY24Q3_NA_ISG Retargeting Conversion BSP_1,Facebook/Instagram,Social - Strategic Program,Small Business,Facebook,1PD,Active Prospects,Social,31112.4,1017969,2610,9179
Alienware,2024_Q3_US_CSBO-AW_BSP_SOCIAL_RETARGETING_BSP,TIKTOK_PERSONA-1PD RETARGET_SOCIAL AD_1x1_DCPM_NO-VF_CT_FY24Q3_NA_DPA BSP_1,TikTok,Social,Alienware,TikTok,1PD,Brand Seekers/Purchasers,Social,28139.86,5261408,40018,0
Dell Technologies US,2024_Q3_US_SBG-SB_AP_SOCIAL_PROSPECTING_ISG AP,REDDIT_AFFINITY-3PD BEHAVIOR_SOCIAL AD_1x1_DCPM_NO-VF_CT_FY24Q3_NA_ISG Prospecting Traffic AP_1,Reddit,Social - Strategic Program,Small Business,Reddit.com,3PD,Active Prospects,Social,27167.93237,4477566,17871,1648
Dell FY24 Q1 CSB AP (DET/CSB/3),2024_Q3_US_CSBO-CSB_AP_SOCIAL_PROSPECTING_AP,FACEBOOK_AFFINITY-3PD BEHAVIOR_SOCIAL AD_1x1_DCPM_NO-VF_CT_FY24Q3_NA_ASC AP_8,Facebook/Instagram,Social,Consumer Small Business,Facebook,3PD,Active Prospects,Social,26285.89001,1815041,2344,13406
Dell FY24 Q1 CSB AP (DET/CSB/3),2024_Q3_US_CSBO-CSB_AP_SOCIAL_PROSPECTING_AP,FACEBOOK_AFFINITY-3PD BEHAVIOR_SOCIAL AD_1x1_DCPM_NO-VF_CT_FY24Q3_NA_ASC AP_11,Facebook/Instagram,Social,Consumer Small Business,Facebook,3PD,Active Prospects,Social,23961.53,1061034,5042,7016
2024_Q3_US_SBG- PROGRAMS_AP_SOCIAL_PROSPECTING_PROGRAMS AP (511848071),2024_Q3_US_SBG-PROGRAMS_AP_SOCIAL_PROSPECTING_PROGRAMS AP,LINKEDIN_AFFINITY-3PD BEHAVIOR_SOCIAL AD_1x1_DCPM_NO-VF_CT_FY24Q3_NA_DEN Prospecting Traffic AP_1,LinkedIn,Social - Strategic Program,Small Business,LinkedIn,3PD,Active Prospects,Social,23082.56028,353046,2148,0
Dell,2024_Q3_US_CSBO-CON_AP_SOCIAL_PROSPECTING_AP,SNAPCHAT_IN MARKET-3PD BEHAVIOR_SOCIAL AD_1x1_DCPM_NO-VF_CT_FY24Q3_NA_Prospecting Traffic AP_11,Snapchat,Social,Consumer,Snapchat,3PD,Active Prospects,Social,22835.73107,867451,74716,0
2024_Q3_US_CSBO-SB_AP_SOCIAL_PROSPECTING_AP (511342205),2024_Q3_US_CSBO-SB_AP_SOCIAL_PROSPECTING_AP,LINKEDIN_PIXEL-3PD LAL_SOCIAL AD_1x1_DCPM_NO-VF_CT_FY24Q3_NA_Prospecting Conversion AP_3,LinkedIn,Social,Small Business,LinkedIn,3PD,Active Prospects,Social,22480.7744,224634,1236,0
Dell,2024_Q3_US_CSBO-CON_AP_SOCIAL_PROSPECTING_AP,SNAPCHAT_PIXEL-3PD LAL_SOCIAL AD_1x1_DCPM_NO-VF_CT_FY24Q3_NA_Prospecting Conversion AP_1,Snapchat,Social,Consumer,Snapchat,3PD,Active Prospects,Social,22388.51553,2480706,6376,0
Consumer,2024_Q3_US_CSBO-CON_AP_SOCIAL_PROSPECTING_AP,TIKTOK_AFFINITY-3PD BEHAVIOR_SOCIAL AD_1x1_DCPM_NO-VF_CT_FY24Q3_NA_Prospecting Traffic AP_14,TikTok,Social,Consumer,TikTok,3PD,Active Prospects,Social,21176.58,2383055,43151,0
2024_Q3_US_SBG- PROGRAMS_AP_SOCIAL_PROSPECTING_PROGRAMS AP (511848071),2024_Q3_US_SBG-PROGRAMS_AP_SOCIAL_PROSPECTING_PROGRAMS AP,LINKEDIN_AFFINITY-3PD BEHAVIOR_SOCIAL AD_1x1_DCPM_NO-VF_CT_FY24Q3_NA_DWEN Prospecting Traffic AP_1,LinkedIn,Social - Strategic Program,Small Business,LinkedIn,3PD,Active Prospects,Social,20966.24111,242136,1950,0
2024_Q3_US_CSBO-SB_AP_SOCIAL_PROSPECTING_AP (511342205),2024_Q3_US_CSBO-SB_AP_SOCIAL_PROSPECTING_AP,LINKEDIN_PIXEL-3PD LAL_SOCIAL AD_1x1_DCPM_NO-VF_CT_FY24Q3_NA_Prospecting Conversion AP_4,LinkedIn,Social,Small Business,LinkedIn,3PD,Active Prospects,Social,20765.90657,167443,1170,0
Dell FY24 Q1 SB HP (DET/SB/268),2024_Q3_US_SBG-SB_HP_SOCIAL_PROSPECTING_HP,FACEBOOK_AFFINITY-3PD BEHAVIOR_SOCIAL AD_1x1_DCPM_NO-VF_CT_FY24Q3_NA_Influencer Demand Creation HP_1,Facebook/Instagram,Social,Small Business,Facebook,3PD,Demand Creation,Social,20355.94,9008267,8228,641
Dell FY24 Q1 AW AP (DET/ALW/14),2024_Q3_US_CSBO-AW_AP_SOCIAL_PROSPECTING_AP,FACEBOOK_PIXEL-3PD LAL_SOCIAL AD_1x1_DCPM_NO-VF_CT_FY24Q3_NA_ASC AP_10,Facebook/Instagram,Social,Alienware,Facebook,3PD,Active Prospects,Social,19814.35001,1219470,3915,8381
2024_Q3_US_SBG- PROGRAMS_AP_SOCIAL_PROSPECTING_PROGRAMS AP (511848071),2024_Q3_US_SBG-PROGRAMS_AP_SOCIAL_PROSPECTING_PROGRAMS AP,LINKEDIN_EMAIL-1PD CRM_SOCIAL AD_1x1_DCPM_NO-VF_CT_FY24Q3_NA_DFS Prospecting Traffic AP _1,LinkedIn,Social - Strategic Program,Small Business,LinkedIn,1PD,Active Prospects,Social,19763.54129,516219,5566,0
Dell FY24 Q1 AW AP (DET/ALW/14),2024_Q3_US_CSBO-AW_AP_SOCIAL_PROSPECTING_AP,FACEBOOK_PIXEL-3PD LAL_SOCIAL AD_1x1_DCPM_NO-VF_CT_FY24Q3_NA_ASC AP_11,Facebook/Instagram,Social,Alienware,Facebook,3PD,Active Prospects,Social,17986.13001,1148777,4315,7475
Dell Technologies US,2024_Q3_US_SBG-PROGRAMS_AP_SOCIAL_PROSPECTING_PROGRAMS AP,REDDIT_EMAIL-1PD CRM_SOCIAL AD_1x1_DCPM_NO-VF_CT_FY24Q3_NA_DFS Prospecting Traffic AP _1,Reddit,Social - Strategic Program,Small Business,Reddit.com,1PD,Active Prospects,Social,17221.17694,3596965,12463,1132
Alienware,2024_Q3_US_CSBO-AW_AP_SOCIAL_PROSPECTING_AP,TIKTOK_AFFINITY-3PD BEHAVIOR_SOCIAL AD_1x1_DCPM_NO-VF_CT_FY24Q3_NA_Influencer Prospecting Traffic AP_1,TikTok,Social,Alienware,TikTok,3PD,Active Prospects,Social,16083.85,2641917,46911,0
Dell FY24 Q1 AW HP (DET/ALW/12),2024_Q3_US_CSBO-AW_HP_SOCIAL_PROSPECTING_HP,FACEBOOK_AFFINITY-3PD BEHAVIOR_SOCIAL AD_1x1_DCPM_NO-VF_CT_FY24Q3_NA_Demand Creation HP_10,Facebook/Instagram,Social,Alienware,Facebook,Other,Demand Creation,Social,15643.51,6752975,4322,627
Dell,2024_Q3_US_CSBO-CON_AP_SOCIAL_PROSPECTING_AP,SNAPCHAT_PIXEL-3PD LAL_SOCIAL AD_1x1_DCPM_NO-VF_CT_FY24Q3_NA_Prospecting Conversion AP_2,Snapchat,Social,Consumer,Snapchat,3PD,Active Prospects,Social,15385.50816,774344,3534,0
Dell FY24 Q1 CSB AP (DET/CSB/3),2024_Q3_US_CSBO-CSB_AP_SOCIAL_PROSPECTING_AP,FACEBOOK_AFFINITY-3PD BEHAVIOR_SOCIAL AD_1x1_DCPM_NO-VF_CT_FY24Q3_NA_ASC AP_9,Facebook/Instagram,Social,Consumer Small Business,Facebook,3PD,Active Prospects,Social,15256.56998,901097,4588,10560
Dell FY24 Q1 CSB AP (DET/CSB/3),2024_Q3_US_CSBO-CSB_AP_SOCIAL_PROSPECTING_AP,FACEBOOK_AFFINITY-3PD BEHAVIOR_SOCIAL AD_1x1_DCPM_NO-VF_CT_FY24Q3_NA_ASC AP_6,Facebook/Instagram,Social,Consumer Small Business,Facebook,3PD,Active Prospects,Social,14969.06999,1029744,1619,6658
Alienware,2024_Q3_US_CSBO-AW_AP_SOCIAL_PROSPECTING_AP,TIKTOK_PIXEL-3PD LAL_SOCIAL AD_1x1_DCPM_NO-VF_CT_FY24Q3_NA_Prospecting Conversion AP_1,TikTok,Social,Alienware,TikTok,3PD,Active Prospects,Social,14285.19,2233247,11887,0
Dell FY24 Q1 AW AP (DET/ALW/14),2024_Q3_US_CSBO-AW_AP_SOCIAL_PROSPECTING_AP,FACEBOOK_AFFINITY-3PD BEHAVIOR_SOCIAL AD_1x1_DCPM_NO-VF_CT_FY24Q3_NA_Influencer Prospecting Traffic AP_1,Facebook/Instagram,Social,Alienware,Facebook,3PD,Active Prospects,Social,14224.16,2540181,56184,1042
Dell FY24 Q1 CSB AP (DET/CSB/3),2024_Q3_US_CSBO-CSB_AP_SOCIAL_PROSPECTING_AP,FACEBOOK_AFFINITY-3PD BEHAVIOR_SOCIAL AD_1x1_DCPM_NO-VF_CT_FY24Q3_NA_ASC AP_1,Facebook/Instagram,Social,Consumer Small Business,Facebook,3PD,Active Prospects,Social,14048.28,788481,2540,5253
Dell - AW,2024_Q3_US_CSBO-AW_AP_SOCIAL_PROSPECTING_AP,SNAPCHAT_PIXEL-3PD LAL_SOCIAL AD_1x1_DCPM_NO-VF_CT_FY24Q3_NA_Prospecting Conversion AP_1,Snapchat,Social,Alienware,Snapchat,3PD,Active Prospects,Social,13591.19255,864612,6882,0
Dell FY24 Q1 CSB AP (DET/CSB/3),2024_Q3_US_CSBO-CSB_AP_SOCIAL_PROSPECTING_AP,FACEBOOK_AFFINITY-3PD BEHAVIOR_SOCIAL AD_1x1_DCPM_NO-VF_CT_FY24Q3_NA_Prospecting Traffic AP _1,Facebook/Instagram,Social,Consumer Small Business,Facebook,3PD,Active Prospects,Social,13574.36,1642794,25091,1149
Dell FY24 Q1 CSB BSP (DET/CSB/4),2024_Q3_US_CSBO-CSB_BSP_SOCIAL_RETARGETING_BSP,FACEBOOK_PERSONA-1PD RETARGET_SOCIAL AD_1x1_DCPM_NO-VF_CT_FY24Q3_NA_DPA BSP_11,Facebook/Instagram,Social,Consumer Small Business,Facebook,1PD,Brand Seekers/Purchasers,Social,13157.57,603683,2015,2427
Dell,2024_Q3_US_CSBO-CON_AP_SOCIAL_PROSPECTING_AP,SNAPCHAT_PIXEL-3PD LAL_SOCIAL AD_1x1_DCPM_NO-VF_CT_FY24Q3_NA_Prospecting Conversion AP_4,Snapchat,Social,Consumer,Snapchat,3PD,Active Prospects,Social,12975.14825,1262895,5905,0
Dell FY24 Q1 CSB AP (DET/CSB/3),2024_Q3_US_CSBO-CSB_AP_SOCIAL_PROSPECTING_AP,FACEBOOK_AFFINITY-3PD BEHAVIOR_SOCIAL AD_1x1_DCPM_NO-VF_CT_FY24Q3_NA_ASC AP_3,Facebook/Instagram,Social,Consumer Small Business,Facebook,3PD,Active Prospects,Social,12851.48001,1043898,2540,9652
Dell,2024_Q3_US_CSBO-CON_AP_SOCIAL_PROSPECTING_AP,SNAPCHAT_IN MARKET-3PD BEHAVIOR_SOCIAL AD_1x1_DCPM_NO-VF_CT_FY24Q3_NA_Prospecting Traffic AP_1,Snapchat,Social,Consumer,Snapchat,3PD,Active Prospects,Social,12604.90378,564307,47597,0
Dell FY24 Q1 AW AP (DET/ALW/14),2024_Q3_US_CSBO-AW_AP_SOCIAL_PROSPECTING_AP,FACEBOOK_PIXEL-3PD LAL_SOCIAL AD_1x1_DCPM_NO-VF_CT_FY24Q3_NA_ASC AP_14,Facebook/Instagram,Social,Alienware,Facebook,3PD,Active Prospects,Social,11776.1,861991,3082,12307
Dell FY24 Q1 CSB AP (DET/CSB/3),2024_Q3_US_CSBO-CSB_AP_SOCIAL_PROSPECTING_AP,FACEBOOK_AFFINITY-3PD BEHAVIOR_SOCIAL AD_1x1_DCPM_NO-VF_CT_FY24Q3_NA_Prospecting Traffic AP _3,Facebook/Instagram,Social,Consumer Small Business,Facebook,3PD,Active Prospects,Social,11485,1347477,25902,415
Dell FY24 Q1 AW AP (DET/ALW/14),2024_Q3_US_CSBO-AW_AP_SOCIAL_PROSPECTING_AP,FACEBOOK_PIXEL-3PD LAL_SOCIAL AD_1x1_DCPM_NO-VF_CT_FY24Q3_NA_ASC AP_13,Facebook/Instagram,Social,Alienware,Facebook,3PD,Active Prospects,Social,11235.61,630474,1507,4810
Small Business,2024_Q3_US_CSBO-SB_AP_SOCIAL_PROSPECTING_AP,TIKTOK_AFFINITY-3PD BEHAVIOR_SOCIAL AD_1x1_DCPM_NO-VF_CT_FY24Q3_NA_Influencer Prospecting Traffic AP_1,TikTok,Social,Small Business,TikTok,3PD,Active Prospects,Social,10793.43,1142483,15538,0
Dell FY24 Q1 CSB AP (DET/CSB/3),2024_Q3_US_CSBO-CSB_AP_SOCIAL_PROSPECTING_AP,FACEBOOK_AFFINITY-3PD BEHAVIOR_SOCIAL AD_1x1_DCPM_NO-VF_CT_FY24Q3_NA_Prospecting Traffic AP _15,Facebook/Instagram,Social,Consumer Small Business,Facebook,3PD,Active Prospects,Social,10690.78,808931,20438,324
2024_Q3_US_CSBO-SB_AP_SOCIAL_PROSPECTING_AP (511342205),2024_Q3_US_CSBO-SB_AP_SOCIAL_PROSPECTING_AP,LINKEDIN_PIXEL-3PD LAL_SOCIAL AD_1x1_DCPM_NO-VF_CT_FY24Q3_NA_Prospecting Conversion AP_2,LinkedIn,Social,Small Business,LinkedIn,3PD,Active Prospects,Social,10472.3841,82825,571,0
Dell FY24 Q1 AW HP (DET/ALW/12),2024_Q3_US_CSBO-AW_HP_SOCIAL_PROSPECTING_HP,FACEBOOK_AFFINITY-3PD BEHAVIOR_SOCIAL AD_1x1_DCPM_NO-VF_CT_FY24Q3_NA_Influencer Demand Creation HP_1,Facebook/Instagram,Social,Alienware,Facebook,3PD,Demand Creation,Social,10422.83,4230338,2030,404
Alienware,2024_Q3_US_CSBO-AW_HP_SOCIAL_PROSPECTING_HP,TIKTOK_AFFINITY-3PD BEHAVIOR_SOCIAL AD_1x1_DCPM_NO-VF_CT_FY24Q3_NA_Demand Creation HP_10,TikTok,Social,Alienware,TikTok,3PD,Demand Creation,Social,9355.23,3329393,6248,0
Dell FY24 Q1 AW AP (DET/ALW/14),2024_Q3_US_CSBO-AW_AP_SOCIAL_PROSPECTING_AP,FACEBOOK_PIXEL-3PD LAL_SOCIAL AD_1x1_DCPM_NO-VF_CT_FY24Q3_NA_ASC AP_15,Facebook/Instagram,Social,Alienware,Facebook,3PD,Active Prospects,Social,9052.530004,631337,1447,4108
Dell FY24 Q1 CSB AP (DET/CSB/3),2024_Q3_US_CSBO-CSB_AP_SOCIAL_PROSPECTING_AP,FACEBOOK_AFFINITY-3PD BEHAVIOR_SOCIAL AD_1x1_DCPM_NO-VF_CT_FY24Q3_NA_ASC AP_2,Facebook/Instagram,Social,Consumer Small Business,Facebook,3PD,Active Prospects,Social,8693.439997,957452,2176,9955
Dell FY24 Q1 CSB AP (DET/CSB/3),2024_Q3_US_CSBO-CSB_AP_SOCIAL_PROSPECTING_AP,FACEBOOK_AFFINITY-3PD BEHAVIOR_SOCIAL AD_1x1_DCPM_NO-VF_CT_FY24Q3_NA_Prospecting Traffic AP _19,Facebook/Instagram,Social,Consumer Small Business,Facebook,3PD,Active Prospects,Social,8643.73,754728,16547,394
Dell - AW,2024_Q3_US_CSBO-AW_AP_SOCIAL_PROSPECTING_AP,SNAPCHAT_PIXEL-3PD LAL_SOCIAL AD_1x1_DCPM_NO-VF_CT_FY24Q3_NA_Prospecting Conversion AP_12,Snapchat,Social,Alienware,Snapchat,3PD,Active Prospects,Social,8158.112599,580743,3215,0
Dell FY24 Q1 DWEN AP (DET/SB/2),2024_Q3_US_SBG-Programs_HP_SOCIAL_PROSPECTING_DWEN,FACEBOOK_AFFINITY-3PD BEHAVIOR_SOCIAL AD_1x1_DCPM_NO-VF_CT_FY24Q3_NA_DWEN Demand Creation HP_1,Facebook/Instagram,Social - Strategic Program,Small Business,Facebook,3PD,Demand Creation,Social,7993.81,881151,22207,0
Alienware,2024_Q3_US_CSBO-AW_AP_SOCIAL_PROSPECTING_AP,TIKTOK_PIXEL-3PD LAL_SOCIAL AD_1x1_DCPM_NO-VF_CT_FY24Q3_NA_Prospecting Conversion AP_2,TikTok,Social,Alienware,TikTok,3PD,Active Prospects,Social,7522.48,1128129,5096,0
Dell FY24 Q1 CSB AP (DET/CSB/3),2024_Q3_US_CSBO-CSB_AP_SOCIAL_PROSPECTING_AP,FACEBOOK_AFFINITY-3PD BEHAVIOR_SOCIAL AD_1x1_DCPM_NO-VF_CT_FY24Q3_NA_ASC AP_4,Facebook/Instagram,Social,Consumer Small Business,Facebook,3PD,Active Prospects,Social,7226.38,390909,774,3117
2024_Q3_US_CSBO-SB_AP_SOCIAL_PROSPECTING_AP (511342205),2024_Q3_US_CSBO-SB_AP_SOCIAL_PROSPECTING_AP,LINKEDIN_PIXEL-3PD LAL_SOCIAL AD_1x1_DCPM_NO-VF_CT_FY24Q3_NA_Prospecting Conversion AP_10,LinkedIn,Social,Small Business,LinkedIn,3PD,Active Prospects,Social,7033.15177,58864,393,0
Dell FY24 Q1 DWEN AP (DET/SB/2),2024_Q3_US_SBG-Programs_HP_SOCIAL_PROSPECTING_DWEN,FACEBOOK_AFFINITY-3PD BEHAVIOR_SOCIAL AD_1x1_DCPM_NO-VF_CT_FY24Q3_NA_DWEN Demand Creation HP_4,Facebook/Instagram,Social - Strategic Program,Small Business,Facebook,3PD,Demand Creation,Social,7000,1704423,9364,0
Dell,2024_Q3_US_CSBO-CON_AP_SOCIAL_PROSPECTING_AP,SNAPCHAT_PIXEL-3PD LAL_SOCIAL AD_1x1_DCPM_NO-VF_CT_FY24Q3_NA_Prospecting Conversion AP_3,Snapchat,Social,Consumer,Snapchat,3PD,Active Prospects,Social,6612.562357,405376,2130,0
Dell FY24 Q1 AW HP (DET/ALW/12),2024_Q3_US_CSBO-AW_HP_SOCIAL_PROSPECTING_HP,FACEBOOK_AFFINITY-3PD BEHAVIOR_SOCIAL AD_1x1_DCPM_NO-VF_CT_FY24Q3_NA_Demand Creation HP_11,Facebook/Instagram,Social,Alienware,Facebook,Other,Demand Creation,Social,6429.89,2769161,1466,207
Dell - AW,2024_Q3_US_CSBO-AW_AP_SOCIAL_PROSPECTING_AP,SNAPCHAT_AFFINITY-3PD BEHAVIOR_SOCIAL AD_1x1_DCPM_NO-VF_CT_FY24Q3_NA_Prospecting Traffic AP_12,Snapchat,Social,Alienware,Snapchat,3PD,Active Prospects,Social,6388.865837,789436,12531,0
Dell FY24 Q1 CSB AP (DET/CSB/3),2024_Q3_US_CSBO-CSB_AP_SOCIAL_PROSPECTING_AP,FACEBOOK_AFFINITY-3PD BEHAVIOR_SOCIAL AD_1x1_DCPM_NO-VF_CT_FY24Q3_NA_ASC AP_5,Facebook/Instagram,Social,Consumer Small Business,Facebook,3PD,Active Prospects,Social,6131.319998,523446,1072,5297
Dell FY24 Q1 AW HP (DET/ALW/12),2024_Q3_US_CSBO-AW_HP_SOCIAL_PROSPECTING_HP,FACEBOOK_AFFINITY-3PD BEHAVIOR_SOCIAL AD_1x1_DCPM_NO-VF_CT_FY24Q3_NA_Influencer Demand Creation HP_10,Facebook/Instagram,Social,Alienware,Facebook,3PD,Demand Creation,Social,5915.459999,2729278,1514,64
Consumer,2024_Q3_US_CSBO-CON_HP_SOCIAL_PROSPECTING_HP,TIKTOK_AFFINITY-3PD BEHAVIOR_SOCIAL AD_1x1_DCPM_NO-VF_CT_FY24Q3_NA_Influencer Demand Creation HP_10,TikTok,Social,Consumer,TikTok,3PD,Demand Creation,Social,5568.01,1310191,2757,0
Alienware,2024_Q3_US_CSBO-AW_AP_SOCIAL_PROSPECTING_AP,TIKTOK_PIXEL-3PD LAL_SOCIAL AD_1x1_DCPM_NO-VF_CT_FY24Q3_NA_Prospecting Conversion AP_3,TikTok,Social,Alienware,TikTok,3PD,Active Prospects,Social,5400.04,906617,4755,0
Dell FY24 Q1 CSB AP (DET/CSB/3),2024_Q3_US_CSBO-CSB_AP_SOCIAL_PROSPECTING_AP,FACEBOOK_AFFINITY-3PD BEHAVIOR_SOCIAL AD_1x1_DCPM_NO-VF_CT_FY24Q3_NA_Prospecting Traffic AP _14,Facebook/Instagram,Social,Consumer Small Business,Facebook,3PD,Active Prospects,Social,5332.939999,691817,9642,59
Consumer,2024_Q3_US_CSBO-CON_AP_SOCIAL_PROSPECTING_AP,TIKTOK_AFFINITY-3PD BEHAVIOR_SOCIAL AD_1x1_DCPM_NO-VF_CT_FY24Q3_NA_Prospecting Traffic AP_16,TikTok,Social,Consumer,TikTok,3PD,Active Prospects,Social,5230.86,567839,3815,0
Dell - AW,2024_Q3_US_CSBO-AW_AP_SOCIAL_PROSPECTING_AP,SNAPCHAT_AFFINITY-3PD BEHAVIOR_SOCIAL AD_1x1_DCPM_NO-VF_CT_FY24Q3_NA_Prospecting Traffic AP_11,Snapchat,Social,Alienware,Snapchat,3PD,Active Prospects,Social,4661.70204,540457,9107,0
Alienware,2024_Q3_US_CSBO-AW_HP_SOCIAL_PROSPECTING_HP,TIKTOK_AFFINITY-3PD BEHAVIOR_SOCIAL AD_1x1_DCPM_NO-VF_CT_FY24Q3_NA_Demand Creation HP_11,TikTok,Social,Alienware,TikTok,3PD,Demand Creation,Social,4554.78,1636311,2702,0
Dell FY24 Q1 CSB AP (DET/CSB/3),2024_Q3_US_CSBO-CSB_AP_SOCIAL_PROSPECTING_AP,FACEBOOK_AFFINITY-3PD BEHAVIOR_SOCIAL AD_1x1_DCPM_NO-VF_CT_FY24Q3_NA_ASC AP_7,Facebook/Instagram,Social,Consumer Small Business,Facebook,3PD,Active Prospects,Social,4090.299999,322800,563,1408
Dell,2024_Q3_US_CSBO-CON_AP_SOCIAL_PROSPECTING_AP,SNAPCHAT_IN MARKET-3PD BEHAVIOR_SOCIAL AD_1x1_DCPM_NO-VF_CT_FY24Q3_NA_Prospecting Traffic AP_12,Snapchat,Social,Consumer,Snapchat,3PD,Active Prospects,Social,3619.327495,147017,12902,0
Alienware,2024_Q3_US_CSBO-AW_HP_SOCIAL_PROSPECTING_HP,TIKTOK_AFFINITY-3PD BEHAVIOR_SOCIAL AD_1x1_DCPM_NO-VF_CT_FY24Q3_NA_Influencer Demand Creation HP_1,TikTok,Social,Alienware,TikTok,3PD,Demand Creation,Social,3537.38,1153850,2347,0
Alienware,2024_Q3_US_CSBO-AW_AP_SOCIAL_PROSPECTING_AP,TIKTOK_AFFINITY-3PD BEHAVIOR_SOCIAL AD_1x1_DCPM_NO-VF_CT_FY24Q3_NA_Prospecting Traffic AP_2,TikTok,Social,Alienware,TikTok,3PD,Active Prospects,Social,3504.67,664396,7518,0
Consumer,2024_Q3_US_CSBO-CON_HP_SOCIAL_PROSPECTING_HP,TIKTOK_AFFINITY-3PD BEHAVIOR_SOCIAL AD_1x1_DCPM_NO-VF_CT_FY24Q3_NA_Influencer Demand Creation HP_1,TikTok,Social,Consumer,TikTok,3PD,Demand Creation,Social,3384.79,850377,2378,0
Alienware,2024_Q3_US_CSBO-AW_AP_SOCIAL_PROSPECTING_AP,TIKTOK_AFFINITY-3PD BEHAVIOR_SOCIAL AD_1x1_DCPM_NO-VF_CT_FY24Q3_NA_Prospecting Traffic AP_10,TikTok,Social,Alienware,TikTok,3PD,Active Prospects,Social,2251.71,458025,4867,0
Dell - AW,2024_Q3_US_CSBO-AW_HP_SOCIAL_PROSPECTING_HP,SNAPCHAT_AFFINITY-3PD BEHAVIOR_SOCIAL AD_1x1_DCPM_NO-VF_CT_FY24Q3_NA_Demand Creation HP_2,Snapchat,Social,Alienware,Snapchat,3PD,Demand Creation,Social,2148.074099,333294,2669,0
Dell - AW,2024_Q3_US_CSBO-AW_AP_SOCIAL_PROSPECTING_AP,SNAPCHAT_AFFINITY-3PD BEHAVIOR_SOCIAL AD_1x1_DCPM_NO-VF_CT_FY24Q3_NA_Prospecting Traffic AP_10,Snapchat,Social,Alienware,Snapchat,3PD,Active Prospects,Social,2018.567233,246040,3988,0
Dell FY24 Q1 Consumer HP (DET/CON/526),2024_Q3_US_CSBO-CON_HP_SOCIAL_PROSPECTING_HP,FACEBOOK_AFFINITY-3PD BEHAVIOR_SOCIAL AD_1x1_DCPM_NO-VF_CT_FY24Q3_NA_Influencer Demand Creation HP_12,Facebook/Instagram,Social,Consumer,Facebook,3PD,Demand Creation,Social,2017.11,943047,387,49
2024_Q3_US_CSBO-SB_AP_SOCIAL_PROSPECTING_AP (511342205),2024_Q3_US_CSBO-SB_AP_SOCIAL_PROSPECTING_AP,LINKEDIN_PIXEL-3PD LAL_SOCIAL AD_1x1_DCPM_NO-VF_CT_FY24Q3_NA_Prospecting Conversion AP_1,LinkedIn,Social,Small Business,LinkedIn,3PD,Active Prospects,Social,1876.988734,22034,122,0
Consumer,2024_Q3_US_CSBO-CON_AP_SOCIAL_PROSPECTING_AP,TIKTOK_AFFINITY-3PD BEHAVIOR_SOCIAL AD_1x1_DCPM_NO-VF_CT_FY24Q3_NA_Prospecting Traffic AP_13,TikTok,Social,Consumer,TikTok,3PD,Active Prospects,Social,1617.56,113507,1511,0
Consumer,2024_Q3_US_CSBO-CON_AP_SOCIAL_PROSPECTING_AP,TIKTOK_AFFINITY-3PD BEHAVIOR_SOCIAL AD_1x1_DCPM_NO-VF_CT_FY24Q3_NA_Prospecting Traffic AP_1,TikTok,Social,Consumer,TikTok,3PD,Active Prospects,Social,1537.49,169260,1452,0
Dell FY24 Q1 AW AP (DET/ALW/14),2024_Q3_US_CSBO-AW_AP_SOCIAL_PROSPECTING_AP,FACEBOOK_AFFINITY-3PD BEHAVIOR_SOCIAL AD_1x1_DCPM_NO-VF_CT_FY24Q3_NA_Prospecting Traffic AP_12,Facebook/Instagram,Social,Alienware,Facebook,3PD,Active Prospects,Social,1420.620001,250455,4531,250
Dell FY24 Q1 CSB AP (DET/CSB/3),2024_Q3_US_CSBO-CSB_AP_SOCIAL_PROSPECTING_AP,FACEBOOK_AFFINITY-3PD BEHAVIOR_SOCIAL AD_1x1_DCPM_NO-VF_CT_FY24Q3_NA_Prospecting Traffic AP _2,Facebook/Instagram,Social,Consumer Small Business,Facebook,3PD,Active Prospects,Social,963.58,88620,1397,33
Dell - AW,2024_Q3_US_CSBO-AW_HP_SOCIAL_PROSPECTING_HP,SNAPCHAT_AFFINITY-3PD BEHAVIOR_SOCIAL AD_1x1_DCPM_NO-VF_CT_FY24Q3_NA_Demand Creation HP_10,Snapchat,Social,Alienware,Snapchat,3PD,Demand Creation,Social,820.471378,88859,541,0
Dell FY24 Q1 AW AP (DET/ALW/14),2024_Q3_US_CSBO-AW_AP_SOCIAL_PROSPECTING_AP,FACEBOOK_AFFINITY-3PD BEHAVIOR_SOCIAL AD_1x1_DCPM_NO-VF_CT_FY24Q3_NA_Prospecting Traffic AP_11,Facebook/Instagram,Social,Alienware,Facebook,3PD,Active Prospects,Social,548.790001,84263,1817,94
2024_Q3_US_CSBO-SB_AP_SOCIAL_PROSPECTING_AP (511342205),2024_Q3_US_CSBO-SB_AP_SOCIAL_PROSPECTING_AP,LINKEDIN_PIXEL-3PD LAL_SOCIAL AD_1x1_DCPM_NO-VF_CT_FY24Q3_NA_Prospecting Conversion AP_6,LinkedIn,Social,Small Business,LinkedIn,3PD,Active Prospects,Social,487.68,6763,49,0
Dell FY24 Q1 AW HP (DET/ALW/12),2024_Q3_US_CSBO-AW_HP_SOCIAL_PROSPECTING_HP,FACEBOOK_AFFINITY-3PD BEHAVIOR_SOCIAL AD_1x1_DCPM_NO-VF_CT_FY24Q3_NA_Influencer Demand Creation HP_11,Facebook/Instagram,Social,Alienware,Facebook,3PD,Demand Creation,Social,476.09,213857,72,10
Dell,2024_Q3_US_CSBO-CON_AP_SOCIAL_PROSPECTING_AP,SNAPCHAT_IN MARKET-3PD BEHAVIOR_SOCIAL AD_1x1_DCPM_NO-VF_CT_FY24Q3_NA_Prospecting Traffic AP_10,Snapchat,Social,Consumer,Snapchat,3PD,Active Prospects,Social,329.336114,21581,1030,0
Dell FY24 Q1 AW AP (DET/ALW/14),2024_Q3_US_CSBO-AW_AP_SOCIAL_PROSPECTING_AP,FACEBOOK_AFFINITY-3PD BEHAVIOR_SOCIAL AD_1x1_DCPM_NO-VF_CT_FY24Q3_NA_Prospecting Traffic AP_10,Facebook/Instagram,Social,Alienware,Facebook,3PD,Active Prospects,Social,202.08,31165,646,36
Dell FY24 Q1 CSB AP (DET/CSB/3),2024_Q3_US_CSBO-CSB_AP_SOCIAL_PROSPECTING_AP,FACEBOOK_AFFINITY-3PD BEHAVIOR_SOCIAL AD_1x1_DCPM_NO-VF_CT_FY24Q3_NA_Prospecting Traffic AP _20,Facebook/Instagram,Social,Consumer Small Business,Facebook,Other,Active Prospects,Social,65.77,5450,99,7
Dell FY24 Q1 CSB AP (DET/CSB/3),2024_Q3_US_CSBO-CSB_AP_SOCIAL_PROSPECTING_AP,FACEBOOK_AFFINITY-3PD BEHAVIOR_SOCIAL AD_1x1_DCPM_NO-VF_CT_FY24Q3_NA_Prospecting Traffic AP _16,Facebook/Instagram,Social,Consumer Small Business,Facebook,Other,Active Prospects,Social,49.44,4564,45,2
Dell FY24 Q1 AW AP (DET/ALW/14),2024_Q3_US_CSBO-AW_AP_SOCIAL_PROSPECTING_AP,FACEBOOK_AFFINITY-3PD BEHAVIOR_SOCIAL AD_1x1_DCPM_NO-VF_CT_FY24Q3_NA_Prospecting Traffic AP_1,Facebook/Instagram,Social,Alienware,Facebook,3PD,Active Prospects,Social,44.58,7441,91,1
Dell FY24 Q1 AW AP (DET/ALW/14),2024_Q3_US_CSBO-AW_AP_SOCIAL_PROSPECTING_AP,FACEBOOK_AFFINITY-3PD BEHAVIOR_SOCIAL AD_1x1_DCPM_NO-VF_CT_FY24Q3_NA_Prospecting Traffic AP_13,Facebook/Instagram,Social,Alienware,Facebook,3PD,Active Prospects,Social,22.029999,2271,20,0
Consumer,2024_Q3_US_CSBO-CON_AP_SOCIAL_PROSPECTING_AP,TIKTOK_AFFINITY-3PD BEHAVIOR_SOCIAL AD_1x1_DCPM_NO-VF_CT_FY24Q3_NA_Prospecting Traffic AP_10,TikTok,Social,Consumer,TikTok,3PD,Active Prospects,Social,18.04,2123,8,0
Dell FY24 Q1 CSB AP (DET/CSB/3),2024_Q3_US_CSBO-CSB_AP_SOCIAL_PROSPECTING_AP,FACEBOOK_AFFINITY-3PD BEHAVIOR_SOCIAL AD_1x1_DCPM_NO-VF_CT_FY24Q3_NA_Prospecting Traffic AP _17,Facebook/Instagram,Social,Consumer Small Business,Facebook,Other,Active Prospects,Social,17.76,2005,30,1
Dell FY24 Q1 AW AP (DET/ALW/14),2024_Q3_US_CSBO-AW_AP_SOCIAL_PROSPECTING_AP,FACEBOOK_AFFINITY-3PD BEHAVIOR_SOCIAL AD_1x1_DCPM_NO-VF_CT_FY24Q3_NA_Influencer Prospecting Traffic AP_11,Facebook/Instagram,Social,Alienware,Facebook,Other,Active Prospects,Social,1.91,185,1,0
Dell FY24 Q1 CSB AP (DET/CSB/3),2024_Q3_US_CSBO-CSB_AP_SOCIAL_PROSPECTING_AP,FACEBOOK_AFFINITY-3PD BEHAVIOR_SOCIAL AD_1x1_DCPM_NO-VF_CT_FY24Q3_NA_Prospecting Traffic AP _18,Facebook/Instagram,Social,Consumer Small Business,Facebook,Other,Active Prospects,Social,0.93,87,3,0
Dell FY24 Q1 DWEN AP (DET/SB/2),2024_Q3_US_SBG-Programs_HP_SOCIAL_PROSPECTING_DWEN,LINKEDIN_AFFINITY-3PD BEHAVIOR_SOCIAL AD_1x1_DCPM_NO-VF_CT_FY24Q3_NA_DWEN Demand Creation HP_5,Facebook/Instagram,Social - Strategic Program,Small Business,LinkedIn,3PD,Demand Creation,Social,0.04,11,0,0
Dell FY24 Q1 AW BSP (DET/ALW/13),2024_Q2_US_CSBO-AW_BSP_SOCIAL_RETARGETING_BSP,FACEBOOK_PERSONA-1PD RETARGET_SOCIAL AD_1x1_DCPM_NO-VF_CT_FY24Q2_NA_DPA Monitor Retargeting BSP_1,Facebook/Instagram,Social,Alienware,Facebook,1PD,Brand Seekers/Purchasers,Social,0,0,0,529
Dell FY24 Q1 AW BSP (DET/ALW/13),2024_Q2_US_CSBO-AW_BSP_SOCIAL_RETARGETING_BSP,FACEBOOK_PERSONA-1PD RETARGET_SOCIAL AD_1x1_DCPM_NO-VF_CT_FY24Q2_NA_DPA Retargeting BSP_10,Facebook/Instagram,Social,Alienware,Facebook,1PD,Brand Seekers/Purchasers,Social,0,0,0,191
Dell FY24 Q1 AW BSP (DET/ALW/13),2024_Q2_US_CSBO-AW_BSP_SOCIAL_RETARGETING_BSP,FACEBOOK_PERSONA-1PD RETARGET_SOCIAL AD_1x1_DCPM_NO-VF_CT_FY24Q2_NA_DPA Retargeting BSP_1,Facebook/Instagram,Social,Alienware,Facebook,1PD,Brand Seekers/Purchasers,Social,0,0,0,95
Dell FY24 Q1 AW BSP (DET/ALW/13),2024_Q2_US_CSBO-AW_BSP_SOCIAL_RETARGETING_BSP,FACEBOOK_PERSONA-1PD RETARGET_SOCIAL AD_1x1_DCPM_NO-VF_CT_FY24Q2_NA_DPA Retargeting BSP_12,Facebook/Instagram,Social,Alienware,Facebook,1PD,Brand Seekers/Purchasers,Social,0,0,0,145
Dell FY24 Q1 CSB BSP (DET/CSB/4),2024_Q2_US_CSBO-CSB_BSP_SOCIAL_RETARGETING_BSP,FACEBOOK_PERSONA-1PD RETARGET_SOCIAL AD_1x1_DCPM_NO-VF_CT_FY24Q2_NA_DPA Retargeting Conversion BSP_10,Facebook/Instagram,Social,Consumer Small Business,Facebook,1PD,Brand Seekers/Purchasers,Social,0,0,0,120
Dell FY24 Q1 CSB BSP (DET/CSB/4),2024_Q2_US_CSBO-CSB_BSP_SOCIAL_RETARGETING_BSP,FACEBOOK_PERSONA-1PD RETARGET_SOCIAL AD_1x1_DCPM_NO-VF_CT_FY24Q2_NA_Social Amp BSP_10,Facebook/Instagram,Social,Consumer Small Business,Facebook,1PD,Brand Seekers/Purchasers,Social,0,0,0,164
Dell FY24 Q1 CSB BSP (DET/CSB/4),2024_Q2_US_CSBO-CSB_BSP_SOCIAL_RETARGETING_BSP,FACEBOOK_PERSONA-1PD RETARGET_SOCIAL AD_1x1_DCPM_NO-VF_CT_FY24Q2_NA_Social Amp BSP_11,Facebook/Instagram,Social,Consumer Small Business,Facebook,1PD,Brand Seekers/Purchasers,Social,0,0,0,36
Dell FY24 Q1 CSB BSP (DET/CSB/4),2024_Q2_US_CSBO-CSB_BSP_SOCIAL_RETARGETING_BSP,FACEBOOK_PERSONA-1PD RETARGET_SOCIAL AD_1x1_DCPM_NO-VF_CT_FY24Q2_NA_DPA Retargeting Conversion BSP_1,Facebook/Instagram,Social,Consumer Small Business,Facebook,1PD,Brand Seekers/Purchasers,Social,0,0,0,48
Dell FY24 Q1 CSB BSP (DET/CSB/4),2024_Q2_US_CSBO-CSB_BSP_SOCIAL_RETARGETING_BSP,FACEBOOK_PERSONA-1PD RETARGET_SOCIAL AD_1x1_DCPM_NO-VF_CT_FY24Q2_NA_DPA Retargeting Conversion BSP_12,Facebook/Instagram,Social,Consumer Small Business,Facebook,1PD,Brand Seekers/Purchasers,Social,0,0,0,63
Dell FY24 Q1 CSB BSP (DET/CSB/4),2024_Q2_US_CSBO-CSB_BSP_SOCIAL_RETARGETING_BSP,FACEBOOK_PERSONA-1PD RETARGET_SOCIAL AD_1x1_DCPM_NO-VF_CT_FY24Q2_NA_DPA Retargeting Conversion BSP_13,Facebook/Instagram,Social,Consumer Small Business,Facebook,1PD,Brand Seekers/Purchasers,Social,0,0,0,43
Dell FY24 Q1 SB HP (DET/SB/268),2024_Q2_US_SBG-SB_HP_SOCIAL_PROSPECTING_HP,FACEBOOK_AFFINITY-3PD BEHAVIOR_SOCIAL AD_1x1_DCPM_NO-VF_CT_FY24Q2_NA_Demand Creation HP_13,Facebook/Instagram,Social,Small Business,Facebook,3PD,Demand Creation,Social,0,0,0,16
Dell FY24 Q1 SB HP (DET/SB/268),2024_Q2_US_SBG-SB_HP_SOCIAL_PROSPECTING_HP,FACEBOOK_AFFINITY-3PD BEHAVIOR_SOCIAL AD_1x1_DCPM_NO-VF_CT_FY24Q2_NA_Demand Creation HP_12,Facebook/Instagram,Social,Small Business,Facebook,3PD,Demand Creation,Social,0,0,0,14
Dell FY24 Q1 SB HP (DET/SB/268),2024_Q2_US_SBG-SB_HP_SOCIAL_PROSPECTING_HP,FACEBOOK_AFFINITY-3PD BEHAVIOR_SOCIAL AD_1x1_DCPM_NO-VF_CT_FY24Q2_NA_Demand Creation HP_14,Facebook/Instagram,Social,Small Business,Facebook,Other,Demand Creation,Social,0,0,0,4
Dell FY24 Q1 SB HP (DET/SB/268),2024_Q2_US_SBG-SB_HP_SOCIAL_PROSPECTING_HP,FACEBOOK_AFFINITY-3PD BEHAVIOR_SOCIAL AD_1x1_DCPM_NO-VF_CT_FY24Q2_NA_Demand Creation HP_11,Facebook/Instagram,Social,Small Business,Facebook,3PD,Demand Creation,Social,0,0,0,3
Dell FY24 Q1 CSB AP (DET/CSB/3),2024_Q2_US_CSBO-CSB_AP_SOCIAL_PROSPECTING_AP,FACEBOOK_PIXEL-3PD LAL_SOCIAL AD_1x1_DCPM_NO-VF_CT_FY24Q2_NA_DABA Prospecting Conversion AP_13,Facebook/Instagram,Social,Consumer Small Business,Facebook,3PD,Active Prospects,Social,0,0,0,12
Dell FY24 Q1 CSB AP (DET/CSB/3),2024_Q2_US_CSBO-CSB_AP_SOCIAL_PROSPECTING_AP,FACEBOOK_PIXEL-3PD LAL_SOCIAL AD_1x1_DCPM_NO-VF_CT_FY24Q2_NA_DABA Prospecting Conversion AP_14,Facebook/Instagram,Social,Consumer Small Business,Facebook,3PD,Active Prospects,Social,0,0,0,51
Dell FY24 Q1 CSB AP (DET/CSB/3),2024_Q2_US_CSBO-CSB_AP_SOCIAL_PROSPECTING_AP,FACEBOOK_PIXEL-3PD LAL_SOCIAL AD_1x1_DCPM_NO-VF_CT_FY24Q2_NA_Prospecting Conversion AP_19,Facebook/Instagram,Social,Consumer Small Business,Facebook,Other,Active Prospects,Social,0,0,0,25
Dell FY24 Q1 CSB AP (DET/CSB/3),2024_Q2_US_CSBO-CSB_AP_SOCIAL_PROSPECTING_AP,FACEBOOK_AFFINITY-3PD BEHAVIOR_SOCIAL AD_1x1_DCPM_NO-VF_CT_FY24Q2_NA_Prospecting Traffic AP _3,Facebook/Instagram,Social,Consumer Small Business,Facebook,3PD,Active Prospects,Social,0,0,0,91
Dell FY24 Q1 CSB AP (DET/CSB/3),2024_Q2_US_CSBO-CSB_AP_SOCIAL_PROSPECTING_AP,FACEBOOK_PIXEL-3PD LAL_SOCIAL AD_1x1_DCPM_NO-VF_CT_FY24Q2_NA_DABA Prospecting Conversion AP_1,Facebook/Instagram,Social,Consumer Small Business,Facebook,3PD,Active Prospects,Social,0,0,0,46
Dell FY24 Q1 CSB AP (DET/CSB/3),2024_Q2_US_CSBO-CSB_AP_SOCIAL_PROSPECTING_AP,FACEBOOK_PIXEL-3PD LAL_SOCIAL AD_1x1_DCPM_NO-VF_CT_FY24Q2_NA_Prospecting Conversion AP_16,Facebook/Instagram,Social,Consumer Small Business,Facebook,3PD,Active Prospects,Social,0,0,0,44
Dell FY24 Q1 CSB AP (DET/CSB/3),2024_Q2_US_CSBO-CSB_AP_SOCIAL_PROSPECTING_AP,FACEBOOK_PIXEL-3PD LAL_SOCIAL AD_1x1_DCPM_NO-VF_CT_FY24Q2_NA_DABA Prospecting Conversion AP_12,Facebook/Instagram,Social,Consumer Small Business,Facebook,Other,Active Prospects,Social,0,0,0,17
Dell FY24 Q1 CSB AP (DET/CSB/3),2024_Q2_US_CSBO-CSB_AP_SOCIAL_PROSPECTING_AP,FACEBOOK_PIXEL-3PD LAL_SOCIAL AD_1x1_DCPM_NO-VF_CT_FY24Q2_NA_DABA Prospecting Conversion AP_10,Facebook/Instagram,Social,Consumer Small Business,Facebook,3PD,Active Prospects,Social,0,0,0,29
Dell FY24 Q1 CSB AP (DET/CSB/3),2024_Q2_US_CSBO-CSB_AP_SOCIAL_PROSPECTING_AP,FACEBOOK_PIXEL-3PD LAL_SOCIAL AD_1x1_DCPM_NO-VF_CT_FY24Q2_NA_Prospecting Conversion AP_23,Facebook/Instagram,Social,Consumer Small Business,Facebook,Other,Active Prospects,Social,0,0,0,14
Dell FY24 Q1 CSB AP (DET/CSB/3),2024_Q2_US_CSBO-CSB_AP_SOCIAL_PROSPECTING_AP,FACEBOOK_PIXEL-3PD LAL_SOCIAL AD_1x1_DCPM_NO-VF_CT_FY24Q2_NA_Prospecting Conversion AP_24,Facebook/Instagram,Social,Consumer Small Business,Facebook,Other,Active Prospects,Social,0,0,0,29
Consumer,2024_Q2_US_CSBO-CON_HP_SOCIAL_PROSPECTING_HP,TIKTOK_AFFINITY-3PD BEHAVIOR_SOCIAL AD_1x1_DCPM_NO-VF_CT_FY24Q2_NA_Influencer Demand Creation HP_3,TikTok,Social,Consumer,TikTok,3PD,Demand Creation,Social,0,0,0,0
Alienware,2024_Q2_US_CSBO-AW_HP_SOCIAL_PROSPECTING_HP,TIKTOK_AFFINITY-3PD BEHAVIOR_SOCIAL AD_1x1_DCPM_NO-VF_CT_FY24Q2_NA_Influencer Demand Creation HP_3,TikTok,Social,Alienware,TikTok,3PD,Demand Creation,Social,0,0,0,0
Dell FY24 Q1 AW AP (DET/ALW/14),2024_Q2_US_CSBO-AW_AP_SOCIAL_PROSPECTING_AP,FACEBOOK_AFFINITY-3PD BEHAVIOR_SOCIAL AD_1x1_DCPM_NO-VF_CT_FY24Q2_NA_Prospecting Traffic AP_10,Facebook/Instagram,Social,Alienware,Facebook,3PD,Active Prospects,Social,0,0,0,4
Dell FY24 Q1 AW AP (DET/ALW/14),2024_Q2_US_CSBO-AW_AP_SOCIAL_PROSPECTING_AP,FACEBOOK_AFFINITY-3PD BEHAVIOR_SOCIAL AD_1x1_DCPM_NO-VF_CT_FY24Q2_NA_Influencer Prospecting Traffic AP_15,Facebook/Instagram,Social,Alienware,Facebook,3PD,Active Prospects,Social,0,0,0,41
Dell FY24 Q1 AW AP (DET/ALW/14),2024_Q2_US_CSBO-AW_AP_SOCIAL_PROSPECTING_AP,FACEBOOK_PIXEL-3PD LAL_SOCIAL AD_1x1_DCPM_NO-VF_CT_FY24Q2_NA_DABA Prospecting AP_11,Facebook/Instagram,Social,Alienware,Facebook,3PD,Active Prospects,Social,0,0,0,10
Dell FY24 Q1 AW AP (DET/ALW/14),2024_Q2_US_CSBO-AW_AP_SOCIAL_PROSPECTING_AP,FACEBOOK_AFFINITY-3PD BEHAVIOR_SOCIAL AD_1x1_DCPM_NO-VF_CT_FY24Q2_NA_Prospecting Traffic AP_1,Facebook/Instagram,Social,Alienware,Facebook,3PD,Active Prospects,Social,0,0,0,166
Dell FY24 Q1 AW AP (DET/ALW/14),2024_Q2_US_CSBO-AW_AP_SOCIAL_PROSPECTING_AP,FACEBOOK_PIXEL-3PD LAL_SOCIAL AD_1x1_DCPM_NO-VF_CT_FY24Q2_NA_Propsecting Conversion AP_1,Facebook/Instagram,Social,Alienware,Facebook,3PD,Active Prospects,Social,0,0,0,78
Dell FY24 Q1 AW AP (DET/ALW/14),2024_Q2_US_CSBO-AW_AP_SOCIAL_PROSPECTING_AP,FACEBOOK_PIXEL-3PD LAL_SOCIAL AD_1x1_DCPM_NO-VF_CT_FY24Q2_NA_DABA Monitor Prospecting AP_1,Facebook/Instagram,Social,Alienware,Facebook,3PD,Active Prospects,Social,0,0,0,13
Dell FY24 Q1 AW AP (DET/ALW/14),2024_Q2_US_CSBO-AW_AP_SOCIAL_PROSPECTING_AP,FACEBOOK_PIXEL-3PD LAL_SOCIAL AD_1x1_DCPM_NO-VF_CT_FY24Q2_NA_DABA Prospecting AP_1,Facebook/Instagram,Social,Alienware,Facebook,3PD,Active Prospects,Social,0,0,0,51
Dell FY24 Q1 AW AP (DET/ALW/14),2024_Q2_US_CSBO-AW_AP_SOCIAL_PROSPECTING_AP,FACEBOOK_PIXEL-3PD LAL_SOCIAL AD_1x1_DCPM_NO-VF_CT_FY24Q2_NA_Propsecting Conversion AP_11,Facebook/Instagram,Social,Alienware,Facebook,Other,Active Prospects,Social,0,0,0,28
Dell FY24 Q1 Consumer HP (DET/CON/526),2024_Q2_US_CSBO-CON_HP_SOCIAL_PROSPECTING_HP,FACEBOOK_AFFINITY-3PD BEHAVIOR_SOCIAL AD_1x1_DCPM_NO-VF_CT_FY24Q2_NA_Influencer Demand Creation HP_12,Facebook/Instagram,Social,Consumer,Facebook,Other,Demand Creation,Social,0,0,0,2
Dell FY24 Q1 Consumer HP (DET/CON/526),2024_Q2_US_CSBO-CON_HP_SOCIAL_PROSPECTING_HP,FACEBOOK_AFFINITY-3PD BEHAVIOR_SOCIAL AD_1x1_DCPM_NO-VF_CT_FY24Q2_NA_Demand Creation HP_12,Facebook/Instagram,Social,Consumer,Facebook,3PD,Demand Creation,Social,0,0,0,1
Dell FY24 Q1 Consumer HP (DET/CON/526),2024_Q2_US_CSBO-CON_HP_SOCIAL_PROSPECTING_HP,FACEBOOK_AFFINITY-3PD BEHAVIOR_SOCIAL AD_1x1_DCPM_NO-VF_CT_FY24Q2_NA_Influencer Demand Creation HP_11,Facebook/Instagram,Social,Consumer,Facebook,3PD,Demand Creation,Social,0,0,0,20
Dell FY24 Q1 SB ISG AP (DET/SB/267),2024_Q2_US_SBG-SB_AP_SOCIAL_PROSPECTING_ISG AP,FACEBOOK_AFFINITY-3PD BEHAVIOR_SOCIAL AD_1x1_DCPM_NO-VF_CT_FY24Q2_NA_ISG Prospecting Conversion AP_1,Facebook/Instagram,Social - Strategic Program,Small Business,Facebook,3PD,Active Prospects,Social,0,0,0,98
Dell FY24 Q1 SB ISG AP (DET/SB/267),2024_Q2_US_SBG-SB_AP_SOCIAL_PROSPECTING_ISG AP,FACEBOOK_AFFINITY-3PD BEHAVIOR_SOCIAL AD_1x1_DCPM_NO-VF_CT_FY24Q2_NA_ISG Prospecting Traffic AP_1,Facebook/Instagram,Social - Strategic Program,Small Business,Facebook,3PD,Active Prospects,Social,0,0,0,11
Dell FY24 Q1 SB ISG AP (DET/SB/267),2024_Q2_US_SBG-SB_AP_SOCIAL_PROSPECTING_ISG AP,FACEBOOK_AFFINITY-3PD BEHAVIOR_SOCIAL AD_1x1_DCPM_NO-VF_CT_FY24Q2_NA_ISG Prospecting Conversion AP_2,Facebook/Instagram,Social - Strategic Program,Small Business,Facebook,3PD,Active Prospects,Social,0,0,0,12
Dell FY24 Q1 AW HP (DET/ALW/12),2024_Q2_US_CSBO-AW_HP_SOCIAL_PROSPECTING_HP,FACEBOOK_AFFINITY-3PD BEHAVIOR_SOCIAL AD_1x1_DCPM_NO-VF_CT_FY24Q2_NA_Influencer Demand Creation HP_13,Facebook/Instagram,Social,Alienware,Facebook,Other,Demand Creation,Social,0,0,0,4
Dell FY24 Q1 AW HP (DET/ALW/12),2024_Q2_US_CSBO-AW_HP_SOCIAL_PROSPECTING_HP,Facebook_AFFINITY-3PD BEHAVIOR_SOCIAL AD_1x1_DCPM_NO-VF_CT_FY24Q2_NA_Demand Creation HP_1,Facebook/Instagram,Social,Alienware,Facebook,Other,Demand Creation,Social,0,0,0,4
Dell FY24 Q1 SB Strat Programs AP (DET/SB/269),2024_Q2_US_SBG-PROGRAMS_AP_SOCIAL_PROSPECTING_PROGRAMS AP,FACEBOOK_AFFINITY-3PD BEHAVIOR_SOCIAL AD_1x1_DCPM_NO-VF_CT_FY24Q2_NA_DWEN Prospecting Traffic AP_1,Facebook/Instagram,Social - Strategic Program,Small Business,Facebook,Other,Active Prospects,Social,0,0,0,120
Dell FY24 Q1 SB Strat Programs AP (DET/SB/269),2024_Q2_US_SBG-PROGRAMS_AP_SOCIAL_PROSPECTING_PROGRAMS AP,FACEBOOK_RETARGET-1PD RETARGET_SOCIAL AD_1x1_DCPM_NO-VF_CT_FY24Q2_NA_SBA Retargeting Traffic BSP_1,Facebook/Instagram,Social - Strategic Program,Small Business,Facebook,1PD,Active Prospects,Social,0,0,0,0
Dell FY24 Q1 DWEN AP (DET/SB/2),2024_Q2_US_SBG-PROGRAMS_HP_SOCIAL_PROSPECTING_DWEN,FACEBOOK_AFFINITY-3PD BEHAVIOR_SOCIAL AD_1x1_DCPM_NO-VF_CT_FY24Q2_NA_Demand Creation HP_18,Facebook/Instagram,Social - Strategic Program,Small Business,Facebook,Other,Demand Creation,Social,0,0,0,4
2022_Q1_US_SBDWENTECH_NA_SOCIAL_NA_NA (504988387),2022_Q1_US_SB_NA_SOCIAL_NA_DWENTECH,LINKEDIN_AFFINITY-3PD BEHAVIOR_SOCIAL AD_1x1_DCPM_DELL_CT_FY22Q1_NA_Influencer Prospecting Traffic_SBUSBSP-IF-LPV-1,LinkedIn,Social - Strategic Program,Small Business,LinkedIn,3PD,Demand Creation,Display,0,0,1,0
2022_Q1_US_SB_NA_SOCIAL_NA_NA (Conversation Ads Test) (507033563),2022_Q1_US_SB_NA_SOCIAL_NA_NA,LINKEDIN_AFFINITY-3PD BEHAVIOR_SOCIAL AD_1x1_DCPM_DELL_CT_FY22Q1_NA_PROSPECTING TRAFFIC_SBUSAP-LPV-4,LinkedIn,Social - Strategic Program,Small Business,LinkedIn,3PD,Active Prospects,Display,0,0,4,0
2023_Q1_US_SB_NA_SOCIAL_NA_NA (509524526),2023_Q1_US_SB_NA_SOCIAL_NA_NA,LINKEDIN_AFFINITY-3PD BEHAVIOR_SOCIAL AD_1x1_DCPM_DELL_CT_FY23Q1_NA_ISG Prospecting Traffic_SBUSAP-LPV-1,LinkedIn,Social - Strategic Program,Small Business,LinkedIn,3PD,Active Prospects,Social,0,0,6,0
Dell FY24 Q1 SB ISG BSP (DET/SB/266),2024_Q2_US_SBG-SB_BSP_SOCIAL_RETARGETING_ISG_BSP,FACEBOOK_RETARGET-1PD RETARGET_SOCIAL AD_1x1_DCPM_NO-VF_CT_FY24Q2_NA_ISG Retargeting Conversion BSP_1,Facebook/Instagram,Social - Strategic Program,Small Business,Facebook,1PD,Active Prospects,Social,0,0,0,153
