,Taxonomy,Count,lvl1,lvl2,lvl3,lvl4,lvl5,lvl6,lvl7,lvl8,DataProvider
0,"33281/*Neustar AdAdvisor Identity Planner Audiences - Business*/,4949607/*Company Size: 20-100 employees*/",5,33281,*Neustar AdAdvisor Identity Planner Audiences - Business*,",4949607",*Company Size: 20-100 employees*,,,,,adadvisor
1,"33466/*Neustar AdAdvisor Identity Planner Audiences - Propensity*/,4947864/*Owns Dell Computer*/",4,33466,*Neustar AdAdvisor Identity Planner Audiences - Propensity*,",4947864",*Owns Dell Computer*,,,,,adadvisor
2,"33281/*Neustar AdAdvisor Identity Planner Audiences - Business*/,4949606/*Company Size: 1-4 employees*/",4,33281,*Neustar AdAdvisor Identity Planner Audiences - Business*,",4949606",*Company Size: 1-4 employees*,,,,,adadvisor
3,"25752/*180byTwo_DataDirectory*/,30867475/*180byTwo from Anteriad > B2B > Company Classifications > Small Business / SMB*/",4,25752,*180byTwo_DataDirectory*,",30867475",*180byTwo from Anteriad , B2B , Company Classifications , Small Business , SMB*/,180bytwo
4,"33466/*Neustar AdAdvisor Identity Planner Audiences - Propensity*/,40451405/*Use Laptop/Notebook/Netbook for Home Automation*/",3,33466,*Neustar AdAdvisor Identity Planner Audiences - Propensity*,",40451405",*Use Laptop,Notebook,Netbook for Home Automation*,,,adadvisor
5,"12894/*Neustar AdAdvisor Consumer Audiences*/,6919420/*Demographics > Occupation > Occupation: Management/Business & Financial Operations*/",3,12894,*Neustar AdAdvisor Consumer Audiences*,",6919420",*Demographics , Occupation , Occupation: Management,Business & Financial Operations*,,adadvisor
6,"33281/*Neustar AdAdvisor Identity Planner Audiences - Business*/,4949659/*Business Development*/",3,33281,*Neustar AdAdvisor Identity Planner Audiences - Business*,",4949659",*Business Development*,,,,,adadvisor
7,"44/*US States & Canadian Provinces*/,259104/*CALIFORNIA*/",2,44,*US States & Canadian Provinces*,",259104",*CALIFORNIA*,,,,,
8,"36489/*Dell*/,46185524/*Custom_114315195_DELLUSA_FY24Q1_Dell_MB_IM_Expanded*/",2,36489,*Dell*,",46185524",*Custom_114315195_DELLUSA_FY24Q1_Dell_MB_IM_Expanded*,,,,,
9,"33281/*Neustar AdAdvisor Identity Planner Audiences - Business*/,4949596/*SOHO 25- Small Office Or Home Office Businesses*/",2,33281,*Neustar AdAdvisor Identity Planner Audiences - Business*,",4949596",*SOHO 25- Small Office Or Home Office Businesses*,,,,,adadvisor
10,"12894/*Neustar AdAdvisor Consumer Audiences*/,2996468/*Education > Highest Level of Education for Head of Household > Edu: Some Graduate School*/",2,12894,*Neustar AdAdvisor Consumer Audiences*,",2996468",*Education , Highest Level of Education for Head of Household , Edu: Some Graduate School*,,,adadvisor
11,"12894/*Neustar AdAdvisor Consumer Audiences*/,44997322/*Demographics > Presence of Children > Parent of Children Over 18-Living in Another Location*/",2,12894,*Neustar AdAdvisor Consumer Audiences*,",44997322",*Demographics , Presence of Children , Parent of Children Over 18-Living in Another Location*,,,adadvisor
12,"12894/*Neustar AdAdvisor Consumer Audiences*/,2996463/*Education > Highest Level of Education for Head of Household > Edu: College Graduate*/",2,12894,*Neustar AdAdvisor Consumer Audiences*,",2996463",*Education , Highest Level of Education for Head of Household , Edu: College Graduate*,,,adadvisor
13,"25752/*180byTwo_DataDirectory*/,44579646/*180byTwo from Anteriad > B2B Intent > Technology > Servers*/",2,25752,*180byTwo_DataDirectory*,",44579646",*180byTwo from Anteriad , B2B Intent , Technology , Servers*,,180bytwo
14,"25752/*180byTwo_DataDirectory*/,30867945/*180byTwo from Anteriad > B2C > Demographic > Education > College Graduate Degree*/",2,25752,*180byTwo_DataDirectory*,",30867945",*180byTwo from Anteriad , B2C , Demographic , Education , College Graduate Degree*/,180bytwo
15,"33466/*Neustar AdAdvisor Identity Planner Audiences - Propensity*/,4948393/*Currently Full/Part-Time College Student*/",2,33466,*Neustar AdAdvisor Identity Planner Audiences - Propensity*,",4948393",*Currently Full,Part-Time College Student*,,,,adadvisor
16,"12160/*Neustar AdAdvisor - Business*/,2965410/*SMALL 8- Business Services*/",2,12160,*Neustar AdAdvisor - Business*,",2965410",*SMALL 8- Business Services*,,,,,adadvisor
17,"33281/*Neustar AdAdvisor Identity Planner Audiences - Business*/,4949545/*SMALL 10- Business Services*/",2,33281,*Neustar AdAdvisor Identity Planner Audiences - Business*,",4949545",*SMALL 10- Business Services*,,,,,adadvisor
18,"37656/*Clickagy Public Taxonomy*/,20946444/*In-Market > Electronics > Computers > Laptops*/",2,37656,*Clickagy Public Taxonomy*,",20946444",*In-Market , Electronics , Computers , Laptops*,,clickagy
19,"33466/*Neustar AdAdvisor Identity Planner Audiences - Propensity*/,4947871/*Last Computer Purchase: 2-3 Years Ago*/",2,33466,*Neustar AdAdvisor Identity Planner Audiences - Propensity*,",4947871",*Last Computer Purchase: 2-3 Years Ago*,,,,,adadvisor
20,"12894/*Neustar AdAdvisor Consumer Audiences*/,2997575/*Technology & Computing > Computer Brand > Home PC-Brand HH Most Recently Acquired-Dell*/",2,12894,*Neustar AdAdvisor Consumer Audiences*,",2997575",*Technology & Computing , Computer Brand , Home PC-Brand HH Most Recently Acquired-Dell*,,,adadvisor
21,"25752/*180byTwo_DataDirectory*/,30867528/*180byTwo from Anteriad > B2B > Decision Makers > Information Technology / IT Decision Makers*/",2,25752,*180byTwo_DataDirectory*,",30867528",*180byTwo from Anteriad , B2B , Decision Makers , Information Technology , IT Decision Makers*/,180bytwo
22,"23985/*33Across Taxonomy*/,8999907/*Games*/",2,23985,*33Across Taxonomy*,",8999907",*Games*,,,,,33across
23,"33271/*Adstra Data Directory Taxonomy*/,12816239/*B2B_100222*/",2,33271,*Adstra Data Directory Taxonomy*,",12816239",*B2B_100222*,,,,,
24,"25752/*180byTwo_DataDirectory*/,30867922/*180byTwo from Anteriad > B2B > Job Seniority > C: Director*/",2,25752,*180byTwo_DataDirectory*,",30867922",*180byTwo from Anteriad , B2B , Job Seniority , C: Director*,,180bytwo
25,"25752/*180byTwo_DataDirectory*/,30867923/*180byTwo from Anteriad > B2B > Job Seniority > D: Manager*/",2,25752,*180byTwo_DataDirectory*,",30867923",*180byTwo from Anteriad , B2B , Job Seniority , D: Manager*,,180bytwo
26,"25752/*180byTwo_DataDirectory*/,30867925/*180byTwo from Anteriad > B2B > Job Seniority > B: Vice President*/",2,25752,*180byTwo_DataDirectory*,",30867925",*180byTwo from Anteriad , B2B , Job Seniority , B: Vice President*,,180bytwo
27,"14007/*Neustar AdAdvisor - Individual Age Group*/,6942737/*30-34*/",1,14007,*Neustar AdAdvisor - Individual Age Group*,",6942737",*30-34*,,,,,adadvisor
28,"33466/*Neustar AdAdvisor Identity Planner Audiences - Propensity*/,4947508/*Frozen Complete Dinner-Marie Calendar's*/",1,33466,*Neustar AdAdvisor Identity Planner Audiences - Propensity*,",4947508",*Frozen Complete Dinner-Marie Calendar's*,,,,,adadvisor
29,"33466/*Neustar AdAdvisor Identity Planner Audiences - Propensity*/,4946619/*I Like To Have A Lot Of Gadgets*/",1,33466,*Neustar AdAdvisor Identity Planner Audiences - Propensity*,",4946619",*I Like To Have A Lot Of Gadgets*,,,,,adadvisor
30,"25752/*180byTwo_DataDirectory*/,30867983/*180byTwo from Anteriad > B2C > Demographic > Finances > Charitable Donors > Humanitarian Causes*/",1,25752,*180byTwo_DataDirectory*,",30867983",*180byTwo from Anteriad , B2C , Demographic , Finances , Charitable Donors > Humanitarian Causes*/,180bytwo
31,"33466/*Neustar AdAdvisor Identity Planner Audiences - Propensity*/,29074905/*I Rely On The Internet To Communicate*/",1,33466,*Neustar AdAdvisor Identity Planner Audiences - Propensity*,",29074905",*I Rely On The Internet To Communicate*,,,,,adadvisor
32,"33271/*Adstra Data Directory Taxonomy*/,12815385/*CONS_100002*/",1,33271,*Adstra Data Directory Taxonomy*,",12815385",*CONS_100002*,,,,,
33,"14007/*Neustar AdAdvisor - Individual Age Group*/,6942735/*20-24*/",1,14007,*Neustar AdAdvisor - Individual Age Group*,",6942735",*20-24*,,,,,adadvisor
34,"33466/*Neustar AdAdvisor Identity Planner Audiences - Propensity*/,40451524/*Online Access-Work-Mobile Broadband(i.e. For Tablet,Cellphone)*/",1,33466,*Neustar AdAdvisor Identity Planner Audiences - Propensity*,",40451524","*Online Access-Work-Mobile Broadband(i.e. For Tablet,Cellphone)*",,,,,adadvisor
35,"25752/*180byTwo_DataDirectory*/,30868067/*180byTwo from Anteriad > B2C > Demographic > Generations > Gen Y / Millennials*/",1,25752,*180byTwo_DataDirectory*,",30868067",*180byTwo from Anteriad , B2C , Demographic , Generations , Gen Y / Millennials*/,180bytwo
36,"33281/*Neustar AdAdvisor Identity Planner Audiences - Business*/,4949605/*Company Size: 100-500 employees*/",1,33281,*Neustar AdAdvisor Identity Planner Audiences - Business*,",4949605",*Company Size: 100-500 employees*,,,,,adadvisor
37,"33271/*Adstra Data Directory Taxonomy*/,12815417/*CONS_100033*/",1,33271,*Adstra Data Directory Taxonomy*,",12815417",*CONS_100033*,,,,,
38,"14007/*Neustar AdAdvisor - Individual Age Group*/,6942736/*25-29*/",1,14007,*Neustar AdAdvisor - Individual Age Group*,",6942736",*25-29*,,,,,adadvisor
39,"36/*Datonics Segments*/,45167711/*Electronics > Computers > Lenovo*/",1,36,*Datonics Segments*,",45167711",*Electronics , Computers , Lenovo*,,,
40,"14007/*Neustar AdAdvisor - Individual Age Group*/,6942734/*18-19*/",1,14007,*Neustar AdAdvisor - Individual Age Group*,",6942734",*18-19*,,,,,adadvisor
41,"31561/*Webbula Data Directory*/,38852683/*Interest > Charitable Donations > Humanitarian*/",1,31561,*Webbula Data Directory*,",38852683",*Interest , Charitable Donations , Humanitarian*,,,webbula
42,"25752/*180byTwo_DataDirectory*/,44580469/*180byTwo from Anteriad > B2B Intent > Energy, Construction & Manufacturing > Energy > Climate-Smart Agriculture*/",1,25752,*180byTwo_DataDirectory*,",44580469",*180byTwo from Anteriad , B2B Intent ," Energy, Construction & Manufacturing ", Energy , Climate-Smart Agriculture*/,180bytwo
43,"36/*Datonics Segments*/,45167710/*Electronics > Computers > HP*/",1,36,*Datonics Segments*,",45167710",*Electronics , Computers , HP*,,,
44,"33466/*Neustar AdAdvisor Identity Planner Audiences - Propensity*/,9774572/*HH Own Any LENOVO*/",1,33466,*Neustar AdAdvisor Identity Planner Audiences - Propensity*,",9774572",*HH Own Any LENOVO*,,,,,adadvisor
45,"26303/*Alliant DD Taxonomy*/,4931588/*Digital Purchasing Parents*/",1,26303,*Alliant DD Taxonomy*,",4931588",*Digital Purchasing Parents*,,,,,
46,"33271/*Adstra Data Directory Taxonomy*/,12815386/*CONS_100003*/",1,33271,*Adstra Data Directory Taxonomy*,",12815386",*CONS_100003*,,,,,
47,"30646/*Clickagy Data Directory*/,20946263/*Demographics > Generation > Generation X*/",1,30646,*Clickagy Data Directory*,",20946263",*Demographics , Generation , Generation X*,,,clickagy
48,"33271/*Adstra Data Directory Taxonomy*/,12815600/*WW_100055*/",1,33271,*Adstra Data Directory Taxonomy*,",12815600",*WW_100055*,,,,,
49,"33466/*Neustar AdAdvisor Identity Planner Audiences - Propensity*/,9774509/*Likely to Buy From Company Donating to Charity*/",1,33466,*Neustar AdAdvisor Identity Planner Audiences - Propensity*,",9774509",*Likely to Buy From Company Donating to Charity*,,,,,adadvisor
50,"33466/*Neustar AdAdvisor Identity Planner Audiences - Propensity*/,4948078/*Play Video Games Connected to Internet*/",1,33466,*Neustar AdAdvisor Identity Planner Audiences - Propensity*,",4948078",*Play Video Games Connected to Internet*,,,,,adadvisor
51,"33271/*Adstra Data Directory Taxonomy*/,34734083/*CG_100071*/",1,33271,*Adstra Data Directory Taxonomy*,",34734083",*CG_100071*,,,,,
52,"25752/*180byTwo_DataDirectory*/,30867972/*180byTwo from Anteriad > B2C > Demographic > Family > Parents*/",1,25752,*180byTwo_DataDirectory*,",30867972",*180byTwo from Anteriad , B2C , Demographic , Family , Parents*/,180bytwo
53,"33466/*Neustar AdAdvisor Identity Planner Audiences - Propensity*/,29074884/*Made a Charitable Donation - Over $50 in the Last 12 Months*/",1,33466,*Neustar AdAdvisor Identity Planner Audiences - Propensity*,",29074884",*Made a Charitable Donation - Over $50 in the Last 12 Months*,,,,,adadvisor
54,"33280/*Neustar AdAdvisor Identity Planner Audiences - ElementOne*/,4947189/*High Income Established Families*/",1,33280,*Neustar AdAdvisor Identity Planner Audiences - ElementOne*,",4947189",*High Income Established Families*,,,,,adadvisor
55,"33466/*Neustar AdAdvisor Identity Planner Audiences - Propensity*/,4948081/*Plays Action/Adventure Video Games Most*/",1,33466,*Neustar AdAdvisor Identity Planner Audiences - Propensity*,",4948081",*Plays Action,Adventure Video Games Most*,,,,adadvisor
56,"12160/*Neustar AdAdvisor - Business*/,2965207/*Company Size: 500+ employees*/",1,12160,*Neustar AdAdvisor - Business*,",2965207",*Company Size: 500+ employees*,,,,,adadvisor
57,"33466/*Neustar AdAdvisor Identity Planner Audiences - Propensity*/,4948020/*HH Subscribes to Cable TV*/",1,33466,*Neustar AdAdvisor Identity Planner Audiences - Propensity*,",4948020",*HH Subscribes to Cable TV*,,,,,adadvisor
58,"33466/*Neustar AdAdvisor Identity Planner Audiences - Propensity*/,4948443/*Saw Drama Movies*/",1,33466,*Neustar AdAdvisor Identity Planner Audiences - Propensity*,",4948443",*Saw Drama Movies*,,,,,adadvisor
59,"33466/*Neustar AdAdvisor Identity Planner Audiences - Propensity*/,29074797/*Watch Network TV Primetime-Comedy*/",1,33466,*Neustar AdAdvisor Identity Planner Audiences - Propensity*,",29074797",*Watch Network TV Primetime-Comedy*,,,,,adadvisor
60,"33281/*Neustar AdAdvisor Identity Planner Audiences - Business*/,4949609/*Company Size: 5-19 employees*/",1,33281,*Neustar AdAdvisor Identity Planner Audiences - Business*,",4949609",*Company Size: 5-19 employees*,,,,,adadvisor
61,"36489/*Dell*/,46195123/*Control_dfc6vuk7tkj*/",1,36489,*Dell*,",46195123",*Control_dfc6vuk7tkj*,,,,,
62,"36489/*Dell*/,46195122/*Test_dcksi8jk3dk*/",1,36489,*Dell*,",46195122",*Test_dcksi8jk3dk*,,,,,
63,"36489/*Dell*/,46158501/*B2B Business Unit Segment*/",1,36489,*Dell*,",46158501",*B2B Business Unit Segment*,,,,,
64,"25752/*180byTwo_DataDirectory*/,30867516/*180byTwo from Anteriad > B2B > Decision Makers*/",1,25752,*180byTwo_DataDirectory*,",30867516",*180byTwo from Anteriad , B2B , Decision Makers*,,,180bytwo
65,"33466/*Neustar AdAdvisor Identity Planner Audiences - Propensity*/,4947845/*Uses Games Apps on Smartphone*/",1,33466,*Neustar AdAdvisor Identity Planner Audiences - Propensity*,",4947845",*Uses Games Apps on Smartphone*,,,,,adadvisor
66,"25752/*180byTwo_DataDirectory*/,30866833/*180byTwo from Anteriad > ABM > Top Companies > IBM*/",1,25752,*180byTwo_DataDirectory*,",30866833",*180byTwo from Anteriad , ABM , Top Companies , IBM*,,180bytwo
67,"25752/*180byTwo_DataDirectory*/,30866846/*180byTwo from Anteriad > ABM > Top Companies > Intel*/",1,25752,*180byTwo_DataDirectory*,",30866846",*180byTwo from Anteriad , ABM , Top Companies , Intel*,,180bytwo
68,"37656/*Clickagy Public Taxonomy*/,20946441/*In-Market > Electronics > Computers > Desktops*/",1,37656,*Clickagy Public Taxonomy*,",20946441",*In-Market , Electronics , Computers , Desktops*,,clickagy
69,"33466/*Neustar AdAdvisor Identity Planner Audiences - Propensity*/,4947862/*Owns Apple Computer*/",1,33466,*Neustar AdAdvisor Identity Planner Audiences - Propensity*,",4947862",*Owns Apple Computer*,,,,,adadvisor
70,"36489/*Dell*/,45101641/*Test Segment*/",1,36489,*Dell*,",45101641",*Test Segment*,,,,,
71,"12160/*Neustar AdAdvisor - Business*/,2965213/*Small office or Home office Business Owners*/",1,12160,*Neustar AdAdvisor - Business*,",2965213",*Small office or Home office Business Owners*,,,,,adadvisor
72,"12160/*Neustar AdAdvisor - Business*/,2965252/*SOHO 2- Real Estate Services*/",1,12160,*Neustar AdAdvisor - Business*,",2965252",*SOHO 2- Real Estate Services*,,,,,adadvisor
73,"33466/*Neustar AdAdvisor Identity Planner Audiences - Propensity*/,29074802/*I Often Go on Long Car Trips for Vacation*/",1,33466,*Neustar AdAdvisor Identity Planner Audiences - Propensity*,",29074802",*I Often Go on Long Car Trips for Vacation*,,,,,adadvisor
74,"33466/*Neustar AdAdvisor Identity Planner Audiences - Propensity*/,29074643/*Ads Help Me Pick Products For My Kids*/",1,33466,*Neustar AdAdvisor Identity Planner Audiences - Propensity*,",29074643",*Ads Help Me Pick Products For My Kids*,,,,,adadvisor
75,"33466/*Neustar AdAdvisor Identity Planner Audiences - Propensity*/,9774476/*Payment Methods for Leisure Travel:Online Bill Pay*/",1,33466,*Neustar AdAdvisor Identity Planner Audiences - Propensity*,",9774476",*Payment Methods for Leisure Travel:Online Bill Pay*,,,,,adadvisor
76,"33281/*Neustar AdAdvisor Identity Planner Audiences - Business*/,4949619/*Scientists and Researchers*/",1,33281,*Neustar AdAdvisor Identity Planner Audiences - Business*,",4949619",*Scientists and Researchers*,,,,,adadvisor
77,"33466/*Neustar AdAdvisor Identity Planner Audiences - Propensity*/,7374172/*Own or Play Video Games*/",1,33466,*Neustar AdAdvisor Identity Planner Audiences - Propensity*,",7374172",*Own or Play Video Games*,,,,,adadvisor
78,"33466/*Neustar AdAdvisor Identity Planner Audiences - Propensity*/,9774557/*Internet Video/Music/Tv Set-Brands Owned:Video Game System*/",1,33466,*Neustar AdAdvisor Identity Planner Audiences - Propensity*,",9774557",*Internet Video,Music,Tv Set-Brands Owned:Video Game System*,,,adadvisor
79,"33466/*Neustar AdAdvisor Identity Planner Audiences - Propensity*/,29074749/*Watch Network TV Primetime-Game Show/Contest*/",1,33466,*Neustar AdAdvisor Identity Planner Audiences - Propensity*,",29074749",*Watch Network TV Primetime-Game Show,Contest*,,,,adadvisor
80,"33466/*Neustar AdAdvisor Identity Planner Audiences - Propensity*/,29074807/*I Need Games On Computer with Top Line Graphics*/",1,33466,*Neustar AdAdvisor Identity Planner Audiences - Propensity*,",29074807",*I Need Games On Computer with Top Line Graphics*,,,,,adadvisor
81,"33281/*Neustar AdAdvisor Identity Planner Audiences - Business*/,4949610/*Small office or Home office Business Owners*/",1,33281,*Neustar AdAdvisor Identity Planner Audiences - Business*,",4949610",*Small office or Home office Business Owners*,,,,,adadvisor
82,"33495/*Reklaim Data Directory Taxonomy*/,43425287/*Reklaim > Demographic > Age > 18-54*/",1,33495,*Reklaim Data Directory Taxonomy*,",43425287",*Reklaim , Demographic , Age , 18-54*,,
83,"33466/*Neustar AdAdvisor Identity Planner Audiences - Propensity*/,4946616/*I Try Keep Up/Developments in Technology*/",1,33466,*Neustar AdAdvisor Identity Planner Audiences - Propensity*,",4946616",*I Try Keep Up,Developments in Technology*,,,,adadvisor
84,"33466/*Neustar AdAdvisor Identity Planner Audiences - Propensity*/,33447037/*HH Uses Home Automation(Controlling Home From Anywhere)*/",1,33466,*Neustar AdAdvisor Identity Planner Audiences - Propensity*,",33447037",*HH Uses Home Automation(Controlling Home From Anywhere)*,,,,,adadvisor
85,"33281/*Neustar AdAdvisor Identity Planner Audiences - Business*/,4949572/*SMALL 35- Small Businesses*/",1,33281,*Neustar AdAdvisor Identity Planner Audiences - Business*,",4949572",*SMALL 35- Small Businesses*,,,,,adadvisor
86,"33281/*Neustar AdAdvisor Identity Planner Audiences - Business*/,4949581/*SOHO 11- Business Services*/",1,33281,*Neustar AdAdvisor Identity Planner Audiences - Business*,",4949581",*SOHO 11- Business Services*,,,,,adadvisor
87,"33281/*Neustar AdAdvisor Identity Planner Audiences - Business*/,4949665/*IT Decision Maker*/",1,33281,*Neustar AdAdvisor Identity Planner Audiences - Business*,",4949665",*IT Decision Maker*,,,,,adadvisor
88,"33466/*Neustar AdAdvisor Identity Planner Audiences - Propensity*/,29074767/*Business Purchase Decision-Involved ($500k+) in the Last 12 Months*/",1,33466,*Neustar AdAdvisor Identity Planner Audiences - Propensity*,",29074767",*Business Purchase Decision-Involved ($500k+) in the Last 12 Months*,,,,,adadvisor
89,"33466/*Neustar AdAdvisor Identity Planner Audiences - Propensity*/,29074887/*Business Purchase Decision-Involved ($10k-$100k) in the Last 12 Months*/",1,33466,*Neustar AdAdvisor Identity Planner Audiences - Propensity*,",29074887",*Business Purchase Decision-Involved ($10k-$100k) in the Last 12 Months*,,,,,adadvisor
90,"33466/*Neustar AdAdvisor Identity Planner Audiences - Propensity*/,29074896/*I Buy Technology that Connects To Products I Have*/",1,33466,*Neustar AdAdvisor Identity Planner Audiences - Propensity*,",29074896",*I Buy Technology that Connects To Products I Have*,,,,,adadvisor
91,"12894/*Neustar AdAdvisor Consumer Audiences*/,6919037/*Retail > Shopper Segments > Budget*/",1,12894,*Neustar AdAdvisor Consumer Audiences*,",6919037",*Retail , Shopper Segments , Budget*,,,adadvisor
92,"26303/*Alliant DD Taxonomy*/,4932086/*College Graduates*/",1,26303,*Alliant DD Taxonomy*,",4932086",*College Graduates*,,,,,
93,"23985/*33Across Taxonomy*/,8999908/*Games Online*/",1,23985,*33Across Taxonomy*,",8999908",*Games Online*,,,,,33across
94,"12894/*Neustar AdAdvisor Consumer Audiences*/,44997617/*Education > Recent Graduates > All Graduates Major Undecided*/",1,12894,*Neustar AdAdvisor Consumer Audiences*,",44997617",*Education , Recent Graduates , All Graduates Major Undecided*,,,adadvisor
95,"12160/*Neustar AdAdvisor - Business*/,2965411/*SMALL 10- Business Services*/",1,12160,*Neustar AdAdvisor - Business*,",2965411",*SMALL 10- Business Services*,,,,,adadvisor
96,"12894/*Neustar AdAdvisor Consumer Audiences*/,44997218/*Retail > Shopping > Online Purchase PC & Digital Games Last 3Month*/",1,12894,*Neustar AdAdvisor Consumer Audiences*,",44997218",*Retail , Shopping , Online Purchase PC & Digital Games Last 3Month*,,,adadvisor
97,"33281/*Neustar AdAdvisor Identity Planner Audiences - Business*/,4949574/*SMALL 5- Real Estate Agents And Managers*/",1,33281,*Neustar AdAdvisor Identity Planner Audiences - Business*,",4949574",*SMALL 5- Real Estate Agents And Managers*,,,,,adadvisor
98,"12894/*Neustar AdAdvisor Consumer Audiences*/,2996460/*Education > Currently Enrolled > Currently Full/Part-Time College Student*/",1,12894,*Neustar AdAdvisor Consumer Audiences*,",2996460",*Education , Currently Enrolled , Currently Full,Part-Time College Student*,,adadvisor
99,"33466/*Neustar AdAdvisor Identity Planner Audiences - Propensity*/,4948391/*Currently Full-Time College Student*/",1,33466,*Neustar AdAdvisor Identity Planner Audiences - Propensity*,",4948391",*Currently Full-Time College Student*,,,,,adadvisor
100,"33466/*Neustar AdAdvisor Identity Planner Audiences - Propensity*/,4946824/*Visit Dell.com in the Last 30 Days*/",1,33466,*Neustar AdAdvisor Identity Planner Audiences - Propensity*,",4946824",*Visit Dell.com in the Last 30 Days*,,,,,adadvisor
101,"12894/*Neustar AdAdvisor Consumer Audiences*/,40503414/*Computers & Electronics > Use Laptop/Notebook/Netbook for Home Automation*/",1,12894,*Neustar AdAdvisor Consumer Audiences*,",40503414",*Computers & Electronics , Use Laptop,Notebook,Netbook for Home Automation*,,adadvisor
102,"12160/*Neustar AdAdvisor - Business*/,2965369/*MICRO 3- Real Estate Agents And Managers*/",1,12160,*Neustar AdAdvisor - Business*,",2965369",*MICRO 3- Real Estate Agents And Managers*,,,,,adadvisor
103,"12160/*Neustar AdAdvisor - Business*/,2965437/*SMALL 35- Small Businesses*/",1,12160,*Neustar AdAdvisor - Business*,",2965437",*SMALL 35- Small Businesses*,,,,,adadvisor
104,"25752/*180byTwo_DataDirectory*/,44579680/*180byTwo from Anteriad > Truthset Scored > B2C > Demographic > Education > College Graduate Degree*/",1,25752,*180byTwo_DataDirectory*,",44579680",*180byTwo from Anteriad , Truthset Scored , B2C , Demographic , Education > College Graduate Degree*/,180bytwo
105,"33466/*Neustar AdAdvisor Identity Planner Audiences - Propensity*/,4946617/*Love to Buy New Gadgets and Appliances*/",1,33466,*Neustar AdAdvisor Identity Planner Audiences - Propensity*,",4946617",*Love to Buy New Gadgets and Appliances*,,,,,adadvisor
106,"12894/*Neustar AdAdvisor Consumer Audiences*/,6919276/*Computers & Electronics > Cell/Smartphones/Tablets > Uses Games Apps on Smartphone*/",1,12894,*Neustar AdAdvisor Consumer Audiences*,",6919276",*Computers & Electronics , Cell,Smartphones,Tablets , Uses Games Apps on Smartphone*/,adadvisor
107,"12894/*Neustar AdAdvisor Consumer Audiences*/,40503004/*Entertainment > Downloaded/Streamed From Internet > Internet Video/Music/Tv Set-Brands Owned: Video Game System*/",1,12894,*Neustar AdAdvisor Consumer Audiences*,",40503004",*Entertainment , Downloaded,Streamed From Internet , Internet Video,Music/Tv Set-Brands Owned: Video Game System*/,adadvisor
108,"12894/*Neustar AdAdvisor Consumer Audiences*/,44997320/*Computers & Electronics > Video Game Console > Type of Video Game System Own/Play Nintendo Switch*/",1,12894,*Neustar AdAdvisor Consumer Audiences*,",44997320",*Computers & Electronics , Video Game Console , Type of Video Game System Own,Play Nintendo Switch*,,adadvisor
109,"12894/*Neustar AdAdvisor Consumer Audiences*/,40503008/*Computers & Electronics > Video Game Console > Type of Video Game System Own/Play Playstation 4*/",1,12894,*Neustar AdAdvisor Consumer Audiences*,",40503008",*Computers & Electronics , Video Game Console , Type of Video Game System Own,Play Playstation 4*,,adadvisor
110,"12894/*Neustar AdAdvisor Consumer Audiences*/,44997578/*Web Browsing > Visited WebSite: Gamer Network Last 3Month*/",1,12894,*Neustar AdAdvisor Consumer Audiences*,",44997578",*Web Browsing , Visited WebSite: Gamer Network Last 3Month*,,,,adadvisor
111,"12894/*Neustar AdAdvisor Consumer Audiences*/,6919502/*Hobbies & Interests > Sports Interests > Major Lg Baseball-Very Interested-Last 12M*/",1,12894,*Neustar AdAdvisor Consumer Audiences*,",6919502",*Hobbies & Interests , Sports Interests , Major Lg Baseball-Very Interested-Last 12M*,,,adadvisor
112,"33466/*Neustar AdAdvisor Identity Planner Audiences - Propensity*/,4947873/*Last Computer Purchase: <1 Year Ago*/",1,33466,*Neustar AdAdvisor Identity Planner Audiences - Propensity*,",4947873",*Last Computer Purchase: <1 Year Ago*,,,,,adadvisor
113,"12894/*Neustar AdAdvisor Consumer Audiences*/,2997579/*Technology & Computing > Computer Purchase > HH's Most Recent PC Purchased- <1 Yr Ago*/",1,12894,*Neustar AdAdvisor Consumer Audiences*,",2997579",*Technology & Computing , Computer Purchase , HH's Most Recent PC Purchased- <1 Yr Ago*,,,adadvisor
114,"12894/*Neustar AdAdvisor Consumer Audiences*/,2997796/*Travel > Domestic Air Travel > Domestic Travel-Last Trip-Airline Last 12M: Southwest*/",1,12894,*Neustar AdAdvisor Consumer Audiences*,",2997796",*Travel , Domestic Air Travel , Domestic Travel-Last Trip-Airline Last 12M: Southwest*,,,adadvisor
115,"12894/*Neustar AdAdvisor Consumer Audiences*/,2997794/*Travel > Domestic Air Travel > Domestic Travel-Last Trip-Airline Last 12M: American Airlines*/",1,12894,*Neustar AdAdvisor Consumer Audiences*,",2997794",*Travel , Domestic Air Travel , Domestic Travel-Last Trip-Airline Last 12M: American Airlines*,,,adadvisor
116,"12894/*Neustar AdAdvisor Consumer Audiences*/,2997252/*Restaurants > Family Restaurant & Steak House > Family Restaurant-Most Last 30D-Olive Garden*/",1,12894,*Neustar AdAdvisor Consumer Audiences*,",2997252",*Restaurants , Family Restaurant & Steak House , Family Restaurant-Most Last 30D-Olive Garden*,,,adadvisor
117,"12894/*Neustar AdAdvisor Consumer Audiences*/,2997253/*Restaurants > Family Restaurant & Steak House > Family Restaurant-Most Last 30D-Outback Steakhouse*/",1,12894,*Neustar AdAdvisor Consumer Audiences*,",2997253",*Restaurants , Family Restaurant & Steak House , Family Restaurant-Most Last 30D-Outback Steakhouse*,,,adadvisor
118,"12894/*Neustar AdAdvisor Consumer Audiences*/,2997245/*Restaurants > Family Restaurant & Steak House > Family Restaurant-Most Last 30D-Cheesecake Factory*/",1,12894,*Neustar AdAdvisor Consumer Audiences*,",2997245",*Restaurants , Family Restaurant & Steak House , Family Restaurant-Most Last 30D-Cheesecake Factory*,,,adadvisor
119,"12894/*Neustar AdAdvisor Consumer Audiences*/,2997131/*Personal Finance > Banking > Banking/Investments: Have Savings Account(s)*/",1,12894,*Neustar AdAdvisor Consumer Audiences*,",2997131",*Personal Finance , Banking , Banking,Investments: Have Savings Account(s)*,,adadvisor
120,"12160/*Neustar AdAdvisor - Business*/,2965188/*Finance, Insurance, and Accounting*/",1,12160,*Neustar AdAdvisor - Business*,",2965188","*Finance, Insurance, and Accounting*",,,,,adadvisor
121,"12894/*Neustar AdAdvisor Consumer Audiences*/,2997129/*Personal Finance > Banking > Banking/Investments: Have Interest Bearing Check Account*/",1,12894,*Neustar AdAdvisor Consumer Audiences*,",2997129",*Personal Finance , Banking , Banking,Investments: Have Interest Bearing Check Account*,,adadvisor
122,"12894/*Neustar AdAdvisor Consumer Audiences*/,6919426/*Demographics > Occupation > Occupation: Professional- Architecture & Engineering/Life*/",1,12894,*Neustar AdAdvisor Consumer Audiences*,",6919426",*Demographics , Occupation , Occupation: Professional- Architecture & Engineering,Life*,,adadvisor
123,"33281/*Neustar AdAdvisor Identity Planner Audiences - Business*/,4949642/*Architects*/",1,33281,*Neustar AdAdvisor Identity Planner Audiences - Business*,",4949642",*Architects*,,,,,adadvisor
124,"33282/*Neustar AdAdvisor Identity Planner Audiences - Demographic*/,40548194/*Household Occupations | Household Member Occupation Group | Technical:Computers/Math and Architect/Engineering*/",1,33282,*Neustar AdAdvisor Identity Planner Audiences - Demographic*,",40548194",*Household Occupations | Household Member Occupation Group | Technical:Computers,Math and Architect,Engineering*,,,adadvisor
125,"33466/*Neustar AdAdvisor Identity Planner Audiences - Propensity*/,4947214/*Occupation: Professional- Architecture & Engineering/Life*/",1,33466,*Neustar AdAdvisor Identity Planner Audiences - Propensity*,",4947214",*Occupation: Professional- Architecture & Engineering,Life*,,,,adadvisor
126,"12894/*Neustar AdAdvisor Consumer Audiences*/,6919386/*Computers & Electronics > TV - When Acquired > HH Acquired Any TV 3-4 Years Ago*/",1,12894,*Neustar AdAdvisor Consumer Audiences*,",6919386",*Computers & Electronics , TV - When Acquired , HH Acquired Any TV 3-4 Years Ago*,,,adadvisor
127,"12894/*Neustar AdAdvisor Consumer Audiences*/,6919388/*Computers & Electronics > TV - When Acquired > HH Acquired Any TV 1-2 Years Ago*/",1,12894,*Neustar AdAdvisor Consumer Audiences*,",6919388",*Computers & Electronics , TV - When Acquired , HH Acquired Any TV 1-2 Years Ago*,,,adadvisor
128,"12160/*Neustar AdAdvisor - Business*/,2965209/*Company Size: 1-4 employees*/",1,12160,*Neustar AdAdvisor - Business*,",2965209",*Company Size: 1-4 employees*,,,,,adadvisor
129,"12160/*Neustar AdAdvisor - Business*/,2965210/*Company Size: 20-100 employees*/",1,12160,*Neustar AdAdvisor - Business*,",2965210",*Company Size: 20-100 employees*,,,,,adadvisor
130,"12160/*Neustar AdAdvisor - Business*/,2965212/*Company Size: 5-19 employees*/",1,12160,*Neustar AdAdvisor - Business*,",2965212",*Company Size: 5-19 employees*,,,,,adadvisor
131,"12894/*Neustar AdAdvisor Consumer Audiences*/,44997519/*Entertainment > Television Shows > Watched Sports Event Online: NFL Football Regular Season*/",1,12894,*Neustar AdAdvisor Consumer Audiences*,",44997519",*Entertainment , Television Shows , Watched Sports Event Online: NFL Football Regular Season*,,,adadvisor
132,"12894/*Neustar AdAdvisor Consumer Audiences*/,2996464/*Education > Highest Level of Education for Head of Household > Edu: Graduate Degree*/",1,12894,*Neustar AdAdvisor Consumer Audiences*,",2996464",*Education , Highest Level of Education for Head of Household , Edu: Graduate Degree*,,,adadvisor
133,"14007/*Neustar AdAdvisor - Individual Age Group*/,3033404/*Age Group --> 45-54 --> 54-55*/",1,14007,*Neustar AdAdvisor - Individual Age Group*,",3033404",*Age Group --, 45-54 --, 54-55*,,,adadvisor
134,"25752/*180byTwo_DataDirectory*/,44581260/*180byTwo from Anteriad > B2B Intent > Technology > Virtualization > Server Virtualization*/",1,25752,*180byTwo_DataDirectory*,",44581260",*180byTwo from Anteriad , B2B Intent , Technology , Virtualization , Server Virtualization*/,180bytwo
135,"25752/*180byTwo_DataDirectory*/,30867625/*180byTwo from Anteriad > B2B > Functional Area > Middle Management > Business Development Managers*/",1,25752,*180byTwo_DataDirectory*,",30867625",*180byTwo from Anteriad , B2B , Functional Area , Middle Management , Business Development Managers*/,180bytwo
136,"29406/*AnalyticsIQ Taxonomy*/,14849332/*AnalyticsIQ > Seasonal > Back To School > College Students*/",1,29406,*AnalyticsIQ Taxonomy*,",14849332",*AnalyticsIQ , Seasonal , Back To School , College Students*,,analyticsiq
137,"36/*Datonics Segments*/,45167709/*Electronics > Computers > Dell*/",1,36,*Datonics Segments*,",45167709",*Electronics , Computers , Dell*,,,
138,"25752/*180byTwo_DataDirectory*/,30867656/*180byTwo from Anteriad > B2B > Functional Area > Sales & Business Development > Business Development*/",1,25752,*180byTwo_DataDirectory*,",30867656",*180byTwo from Anteriad , B2B , Functional Area , Sales & Business Development , Business Development*/,180bytwo
139,"33271/*Adstra Data Directory Taxonomy*/,12816299/*B2B_100055*/",1,33271,*Adstra Data Directory Taxonomy*,",12816299",*B2B_100055*,,,,,
140,"30646/*Clickagy Data Directory*/,20946444/*In-Market > Electronics > Computers > Laptops*/",1,30646,*Clickagy Data Directory*,",20946444",*In-Market , Electronics , Computers , Laptops*,,clickagy
141,"25752/*180byTwo_DataDirectory*/,45495713/*180byTwo from Anteriad > B2B > Decision Makers > Business Development Decision Makers*/",1,25752,*180byTwo_DataDirectory*,",45495713",*180byTwo from Anteriad , B2B , Decision Makers , Business Development Decision Makers*,,180bytwo
142,"26303/*Alliant DD Taxonomy*/,4931890/*Alliant Loyal Super Spenders*/",1,26303,*Alliant DD Taxonomy*,",4931890",*Alliant Loyal Super Spenders*,,,,,
143,"25752/*180byTwo_DataDirectory*/,44581179/*180byTwo from Anteriad > B2B Intent > Technology > It Management > Software Development Outsourcing*/",1,25752,*180byTwo_DataDirectory*,",44581179",*180byTwo from Anteriad , B2B Intent , Technology , It Management , Software Development Outsourcing*/,180bytwo
144,"22976/*Media Source Solutions*/,6808774/*Media Source Solutions > Consumer > Interests > Electronics & Gadgets > Known Video Games Enthusiasts*/",1,22976,*Media Source Solutions*,",6808774",*Media Source Solutions , Consumer , Interests , Electronics & Gadgets , Known Video Games Enthusiasts*/,
145,"23985/*33Across Taxonomy*/,9000051/*Sports Gaming Fanatics*/",1,23985,*33Across Taxonomy*,",9000051",*Sports Gaming Fanatics*,,,,,33across
146,"29406/*AnalyticsIQ Taxonomy*/,40446519/*AnalyticsIQ > Social Distancing > Adjusting to Life at Home > Video Games > Casual Gamers Playing More Than Usual*/",1,29406,*AnalyticsIQ Taxonomy*,",40446519",*AnalyticsIQ , Social Distancing , Adjusting to Life at Home , Video Games , Casual Gamers Playing More Than Usual*/,analyticsiq
147,"26790/*Gravy - New Data Directory*/,32667840/*eSports Enthusiast*/",1,26790,*Gravy - New Data Directory*,",32667840",*eSports Enthusiast*,,,,,
148,"33962/*Start.io Data Taxonomy*/,41557785/*eSports Gamers*/",1,33962,*Start.io Data Taxonomy*,",41557785",*eSports Gamers*,,,,,
149,"37656/*Clickagy Public Taxonomy*/,20946483/*In-Market > Entertainment > eSports*/",1,37656,*Clickagy Public Taxonomy*,",20946483",*In-Market , Entertainment , eSports*,,,clickagy
150,"23985/*33Across Taxonomy*/,9000021/*Small Business Business Services*/",1,23985,*33Across Taxonomy*,",9000021",*Small Business Business Services*,,,,,33across
151,"25752/*180byTwo_DataDirectory*/,44581221/*180byTwo from Anteriad > B2B Intent > Technology > Servers > Server Automation*/",1,25752,*180byTwo_DataDirectory*,",44581221",*180byTwo from Anteriad , B2B Intent , Technology , Servers , Server Automation*/,180bytwo
152,"14007/*Neustar AdAdvisor - Individual Age Group*/,3033420/*Age Group --> 35-44 --> 38-39*/",1,14007,*Neustar AdAdvisor - Individual Age Group*,",3033420",*Age Group --, 35-44 --, 38-39*,,,adadvisor
153,"25752/*180byTwo_DataDirectory*/,30867379/*180byTwo from Anteriad > Auto > In Market*/",1,25752,*180byTwo_DataDirectory*,",30867379",*180byTwo from Anteriad , Auto , In Market*,,,180bytwo
154,"14007/*Neustar AdAdvisor - Individual Age Group*/,3033422/*Age Group --> 35-44 --> 36-37*/",1,14007,*Neustar AdAdvisor - Individual Age Group*,",3033422",*Age Group --, 35-44 --, 36-37*,,,adadvisor
155,"14007/*Neustar AdAdvisor - Individual Age Group*/,3033424/*Age Group --> 30-34 --> 34-35*/",1,14007,*Neustar AdAdvisor - Individual Age Group*,",3033424",*Age Group --, 30-34 --, 34-35*,,,adadvisor
156,"14007/*Neustar AdAdvisor - Individual Age Group*/,3033430/*Age Group --> 25-29 --> 28-29*/",1,14007,*Neustar AdAdvisor - Individual Age Group*,",3033430",*Age Group --, 25-29 --, 28-29*,,,adadvisor
157,"14007/*Neustar AdAdvisor - Individual Age Group*/,3033432/*Age Group --> 25-29 --> 26-27*/",1,14007,*Neustar AdAdvisor - Individual Age Group*,",3033432",*Age Group --, 25-29 --, 26-27*,,,adadvisor
158,"14007/*Neustar AdAdvisor - Individual Age Group*/,3033434/*Age Group --> 21-24 --> 24-25*/",1,14007,*Neustar AdAdvisor - Individual Age Group*,",3033434",*Age Group --, 21-24 --, 24-25*,,,adadvisor
159,"14007/*Neustar AdAdvisor - Individual Age Group*/,3033436/*Age Group --> 21-24 --> 22-23*/",1,14007,*Neustar AdAdvisor - Individual Age Group*,",3033436",*Age Group --, 21-24 --, 22-23*,,,adadvisor
160,"14007/*Neustar AdAdvisor - Individual Age Group*/,3033438/*Age Group --> 18-20 --> 20-21*/",1,14007,*Neustar AdAdvisor - Individual Age Group*,",3033438",*Age Group --, 18-20 --, 20-21*,,,adadvisor
161,"33282/*Neustar AdAdvisor Identity Planner Audiences - Demographic*/,4947168/*30-34*/",1,33282,*Neustar AdAdvisor Identity Planner Audiences - Demographic*,",4947168",*30-34*,,,,,adadvisor
162,"33282/*Neustar AdAdvisor Identity Planner Audiences - Demographic*/,4947170/*40-44*/",1,33282,*Neustar AdAdvisor Identity Planner Audiences - Demographic*,",4947170",*40-44*,,,,,adadvisor
163,"12894/*Neustar AdAdvisor Consumer Audiences*/,2996467/*Education > Highest Level of Education for Head of Household > Edu: Some College*/",1,12894,*Neustar AdAdvisor Consumer Audiences*,",2996467",*Education , Highest Level of Education for Head of Household , Edu: Some College*,,,adadvisor
164,"12894/*Neustar AdAdvisor Consumer Audiences*/,6920108/*Print Media > Magazines > Read Parents Last 6 Month*/",1,12894,*Neustar AdAdvisor Consumer Audiences*,",6920108",*Print Media , Magazines , Read Parents Last 6 Month*,,,adadvisor
165,"33466/*Neustar AdAdvisor Identity Planner Audiences - Propensity*/,4948832/*Read Parents Last 6 Month*/",1,33466,*Neustar AdAdvisor Identity Planner Audiences - Propensity*,",4948832",*Read Parents Last 6 Month*,,,,,adadvisor
166,"12894/*Neustar AdAdvisor Consumer Audiences*/,40502966/*Lifestyle Statements > Likely to Buy From Company Donating to Charity*/",1,12894,*Neustar AdAdvisor Consumer Audiences*,",40502966",*Lifestyle Statements , Likely to Buy From Company Donating to Charity*,,,,adadvisor
167,"12894/*Neustar AdAdvisor Consumer Audiences*/,40503232/*Lifestyle Statements > Shopping > I am more Likely to Buy from a Company that Donates to Charity*/",1,12894,*Neustar AdAdvisor Consumer Audiences*,",40503232",*Lifestyle Statements , Shopping , I am more Likely to Buy from a Company that Donates to Charity*,,,adadvisor
168,"33466/*Neustar AdAdvisor Identity Planner Audiences - Propensity*/,4947819/*HH Owns Portable Generator*/",1,33466,*Neustar AdAdvisor Identity Planner Audiences - Propensity*,",4947819",*HH Owns Portable Generator*,,,,,adadvisor
169,"12160/*Neustar AdAdvisor - Business*/,2965274/*SOHO 25- Small Office Or Home Office Businesses*/",1,12160,*Neustar AdAdvisor - Business*,",2965274",*SOHO 25- Small Office Or Home Office Businesses*,,,,,adadvisor
