,Campaign,BU,"Display Tactic (Display, Video, CTV etc.)",Partner,Targeting Type,Audience ID,"Deilvery ID
(to find Oracle DMP deliveries)",Audience Name,Audience Description,Audience Priority,Audience Size,ABM Accounts #,CRM,Data Provider,Retargeting (Stage 2),Audience Type,Programmatic,Launch Status,3P ABM delivery,CEP ABM Accounts #,AIQ IDS,AIQ Account size,AIQ Hashed email count size,AIQ Match Rate,Bombora Unique Domains,# of matched domains,Bombora Match Rate,AIQ Email Count,"Display Tactic (Display, Video, CTV etc.) ","Delivery ID
(for Oracle only)",Data CPM,Audience Category,Status (activated/deactivated dates)
0,APJ Premier TXL,B2B,Display/Video,Google Analytics,1P Pixel Retargeting,dw5rth67zcx,,1pcrm-premierpagesitevisitors_apj-pan-dell_1ppixel_googleanalytics-do_im,APJ - Dell-Premier site page visitors,In Quarter - Site Visitors,-,-,Dell Online,Dell Online,,1P Pixel Retargeting,DV360,In Progress,,,,,,,,,,,,,,,
1,APJ RC Premier RTG,B2B,Display/Video,Google Analytics,1P Pixel LAL,dc2medmwl02,,seedlal-premrcsitevisitors_apj-b2b_1pretargetting_googleanalytics-ga_la,APJ RC Premier Site Visitors,Retargeting,-,-,Dell Online,Dell Online,,1P Pixel Retargeting,DV360 / TTD,In Progress,,,,,,,,,,,,,,,
2,APJ Premier Purchasers,B2B,Display/Video,Google Analytics,1P Pixel LAL,dfi54ru7dgz,,seedlal-premierpurchasers_apj-b2b_1pcrm_googleanalytics-ga_la,APJ - Premier site purchasers,LAL,,,Dell Online,Dell Online,,1P Pixel LAL,DV360,In Progress,,,,,,,,,,,,,,,
3,APJ Premier Purchasers - Rep Assist,B2B,Display/Video,Google Analytics,1P Pixel LAL,dsn30inmull,,1pcrm-premierpurchrepassist_apj-b2b_1pcrm_googleanalytics-ga_be,APJ Premier purchasers Rep Assist,Behavioural,,,Dell Online,Dell Online,,1P Pixel Retargeting,DV360,In Progress,,,,,,,,,,,,,,,
4,APJ Premier Purchasers - Self Serve,B2B,Display/Video,Google Analytics,1P Pixel LAL,d77apyttcwo,,1pcrm-premierpurchselfserve_apj-b2b_1pcrm_googleanalytics-ga_be,APJ Premier purchasers Self Serve,Behavioural,,,Dell Online,Dell Online,,1P Pixel Retargeting,DV360,In Progress,,,,,,,,,,,,,,,
5,APJ LTA Engagement,CE,Display/Video,DV360 / TTD,3P ABM,do50q6reckg,,abm-fy25q1lta_anz-b2b-ce_3pabm_aiqcrm-bom_im,WTN - LTA Audience,,,,CIP,Bombora,,ABM-3PD AUDIENCE,DV360 / TTD,Prod,via AIQ,,425889.0,2384.0,,,,,,,,,,,
6,APJ LTA Engagement,CE,Display/Video,DV360 / TTD,3P ABM,d2376hlieqs,,abm-fy25q1lta_in-b2b-ce_3pabm_aiqcrm-bom_im,WTN - LTA Audience,,,,CIP,Bombora,,ABM-3PD AUDIENCE,DV360 / TTD,Prod,via AIQ,,425891.0,7020.0,,,,,,,,,,,
7,APJ LTA Engagement,CE,Display/Video,DV360 / TTD,3P ABM,dquaoymyjq2,,abm-fy25q1lta_jp-b2b-ce_3pabm_aiqcrm-bom_im,WTN - LTA Audience,,,,CIP,Bombora,,ABM-3PD AUDIENCE,DV360 / TTD,Prod,via AIQ,,425893.0,2740.0,,,,,,,,,,,
8,APJ LTA Engagement,CE,Display/Video,DV360 / TTD,3P ABM,dugobnmo16m,,abm-fy25q1lta_kr-b2b-ce_3pabm_aiqcrm-bom_im,WTN - LTA Audience,,,,CIP,Bombora,,ABM-3PD AUDIENCE,DV360 / TTD,Prod,via AIQ,,425894.0,468.0,,,,,,,,,,,
9,APJ LTA Engagement,CE,Display/Video,DV360 / TTD,3P ABM,dhhiwehxy4q,,abm-fy25q1lta_my-b2b-ce_3pabm_aiqcrm-bom_im,WTN - LTA Audience,,,,CIP,Bombora,,ABM-3PD AUDIENCE,DV360 / TTD,Prod,via AIQ,,425896.0,184.0,,,,,,,,,,,
10,APJ LTA Engagement,CE,Display/Video,DV360 / TTD,3P ABM,d2guw6m7ylz,,abm-fy25q1lta_sgmy-b2b-ce_3pabm_aiqcrm-bom_im,WTN - LTA Audience,,,,CIP,Bombora,,ABM-3PD AUDIENCE,DV360 / TTD,Prod,via AIQ,,425898.0,441.0,,,,,,,,,,,
11,APJ LTA Engagement,MB,Display/Video,DV360 / TTD,3P ABM,ddceg3rkw6n,,abm-fy25q1lta_anz-b2b-mb_3pabm_aiqcrm-bom_im,WTN - LTA Audience,,,,CIP,Bombora,,ABM-3PD AUDIENCE,DV360 / TTD,Prod,via AIQ,,425890.0,2858.0,,,,,,,,,,,
12,APJ LTA Engagement,MB,Display/Video,DV360 / TTD,3P ABM,dw4pazqrq54,,abm-fy25q1lta_in-b2b-mb_3pabm_aiqcrm-bom_im,WTN - LTA Audience,,,,CIP,Bombora,,ABM-3PD AUDIENCE,DV360 / TTD,Prod,via AIQ,,425892.0,2525.0,,,,,,,,,,,
13,APJ LTA Engagement,MB,Display/Video,DV360 / TTD,3P ABM,d5a9tzal9v1,,abm-fy25q1lta_jp-b2b-mb_3pabm_aiqcrm-bom_im,WTN - LTA Audience,,,,CIP,Bombora,,ABM-3PD AUDIENCE,DV360 / TTD,Prod,via AIQ,,425900.0,4486.0,,,,,,,,,,,
14,APJ LTA Engagement,MB,Display/Video,DV360 / TTD,3P ABM,drpvmowsee3,,abm-fy25q1lta_kr-b2b-mb_3pabm_aiqcrm-bom_im,WTN - LTA Audience,,,,CIP,Bombora,,ABM-3PD AUDIENCE,DV360 / TTD,Prod,via AIQ,,425903.0,13147.0,,,,,,,,,,,
15,APJ LTA Engagement,MB,Display/Video,DV360 / TTD,3P ABM,dvsnnhwj4jn,,abm-fy25q1lta_my-b2b-mb_3pabm_aiqcrm-bom_im,WTN - LTA Audience,,,,CIP,Bombora,,ABM-3PD AUDIENCE,DV360 / TTD,Prod,via AIQ,,425897.0,3737.0,,,,,,,,,,,
16,APJ LTA Engagement,MB,Display/Video,DV360 / TTD,3P ABM,dkzbl0h0m8r,,abm-fy25q1lta_sgmy-b2b-mb_3pabm_aiqcrm-bom_im,WTN - LTA Audience,,,,CIP,Bombora,,ABM-3PD AUDIENCE,DV360 / TTD,Prod,via AIQ,,425899.0,4931.0,,,,,,,,,,,
17,APJ LTA Engagement CSG,CE,Display/Video,DV360 / TTD,3P ABM,drs4cw3xvyx,,abm-fy25q1ltacsg_anz-b2b-ce_3pabm_aiqcrm-bom_im,WTN - LTA CSG CE,,,,CIP,Bombora,,ABM-3PD AUDIENCE,DV360 / TTD,Prod,via AIQ,1886.0,428408.0,1487.0,31276.0,0.788441145281018,,,,,,,,,
18,APJ LTA Engagement CSG,CE,Display/Video,DV360 / TTD,3P ABM,dmv33jbyq61,,abm-fy25q1ltacsg_in-b2b-ce_3pabm_aiqcrm-bom_im,WTN - LTA CSG CE,,,,CIP,Bombora,,ABM-3PD AUDIENCE,DV360 / TTD,Prod,via AIQ,6090.0,428410.0,5981.0,72507.0,0.9821018062397373,,,,,,,,,
19,APJ LTA Engagement CSG,CE,Display/Video,DV360 / TTD,3P ABM,dejcctt9g4g,,abm-fy25q1ltacsg_jp-b2b-ce_3pabm_aiqcrm-bom_im,WTN - LTA CSG CE,,,,CIP,Bombora,,ABM-3PD AUDIENCE,DV360 / TTD,Prod,via AIQ,3008.0,428412.0,2721.0,15278.0,0.9045877659574468,,,,,,,,,
20,APJ LTA Engagement CSG,CE,Display/Video,DV360 / TTD,3P ABM,dcu7vuvdkpd,,abm-fy25q1ltacsg_kr-b2b-ce_3pabm_aiqcrm-bom_im,WTN - LTA CSG CE,,,,CIP,Bombora,,ABM-3PD AUDIENCE,DV360 / TTD,Prod,via AIQ,442.0,428414.0,434.0,5269.0,0.9819004524886877,,,,,,,,,
21,APJ LTA Engagement CSG,CE,Display/Video,DV360 / TTD,3P ABM,dqtgv9v790x,,abm-fy25q1ltacsg_sgmy-b2b-ce_3pabm_aiqcrm-bom_im,WTN - LTA CSG CE,,,,CIP,Bombora,,ABM-3PD AUDIENCE,DV360 / TTD,Prod,via AIQ,626.0,428416.0,587.0,8353.0,0.9376996805111821,,,,,,,,,
22,APJ LTA Engagement CSG,MB,Display/Video,DV360 / TTD,3P ABM,dt3je7tc6fd,,abm-fy25q1ltacsg_anz-b2b-mb_3pabm_aiqcrm-bom_im,WTN - LTA CSG MB,,,,CIP,Bombora,,ABM-3PD AUDIENCE,DV360 / TTD,Prod,via AIQ,2836.0,428409.0,2768.0,26466.0,0.9760225669957687,,,,,,,,,
23,APJ LTA Engagement CSG,MB,Display/Video,DV360 / TTD,3P ABM,d437bm97k29,,abm-fy25q1ltacsg_in-b2b-mb_3pabm_aiqcrm-bom_im,WTN - LTA CSG MB,,,,CIP,Bombora,,ABM-3PD AUDIENCE,DV360 / TTD,Prod,via AIQ,2416.0,428411.0,2346.0,19240.0,0.9710264900662252,,,,,,,,,
24,APJ LTA Engagement CSG,MB,Display/Video,DV360 / TTD,3P ABM,d43kmyae4vq,,abm-fy25q1ltacsg_jp-b2b-mb_3pabm_aiqcrm-bom_im,WTN - LTA CSG MB,,,,CIP,Bombora,,ABM-3PD AUDIENCE,DV360 / TTD,Prod,via AIQ,4522.0,428413.0,4424.0,19924.0,0.978328173374613,,,,,,,,,
25,APJ LTA Engagement CSG,MB,Display/Video,DV360 / TTD,3P ABM,dii2yzn2sz2,,abm-fy25q1ltacsg_kr-b2b-mb_3pabm_aiqcrm-bom_im,WTN - LTA CSG MB,,,,CIP,Bombora,,ABM-3PD AUDIENCE,DV360 / TTD,Prod,via AIQ,10702.0,428415.0,10608.0,33174.0,0.9912165950289665,,,,,,,,,
26,APJ LTA Engagement CSG,MB,Display/Video,DV360 / TTD,3P ABM,dzg0ejppo34,,abm-fy25q1ltacsg_sgmy-b2b-mb_3pabm_aiqcrm-bom_im,WTN - LTA CSG MB,,,,CIP,Bombora,,ABM-3PD AUDIENCE,DV360 / TTD,Prod,via AIQ,7439.0,428417.0,7264.0,40018.0,0.9764753327060088,,,,,,,,,
27,APJ LTA Engagement ISG,CE,Display/Video,DV360 / TTD,3P ABM,du5ng5ontv2,,abm-fy25q1ltaisg_anz-b2b-ce_3pabm_aiqcrm-bom_im,WTN - LTA ISG CE,,,,CIP,Bombora,,ABM-3PD AUDIENCE,DV360 / TTD,Prod,via AIQ,2834.0,428419.0,2119.0,31486.0,0.7477064220183486,,,,,,,,,
28,APJ LTA Engagement ISG,CE,Display/Video,DV360 / TTD,3P ABM,dh14r7wu7hm,,abm-fy25q1ltaisg_in-b2b-ce_3pabm_aiqcrm-bom_im,WTN - LTA ISG CE,,,,CIP,Bombora,,ABM-3PD AUDIENCE,DV360 / TTD,Prod,via AIQ,5303.0,428421.0,5200.0,60702.0,0.9805770318687536,,,,,,,,,
29,APJ LTA Engagement ISG,CE,Display/Video,DV360 / TTD,3P ABM,drmkiyekejn,,abm-fy25q1ltaisg_jp-b2b-ce_3pabm_aiqcrm-bom_im,WTN - LTA ISG CE,,,,CIP,Bombora,,ABM-3PD AUDIENCE,DV360 / TTD,Prod,via AIQ,1201.0,428423.0,996.0,8574.0,0.829308909242298,,,,,,,,,
30,APJ LTA Engagement ISG,CE,Display/Video,DV360 / TTD,3P ABM,dwenn6tmlcc,,abm-fy25q1ltaisg_kr-b2b-ce_3pabm_aiqcrm-bom_im,WTN - LTA ISG CE,,,,CIP,Bombora,,ABM-3PD AUDIENCE,DV360 / TTD,Prod,via AIQ,333.0,428425.0,325.0,3923.0,0.975975975975976,,,,,,,,,
31,APJ LTA Engagement ISG,CE,Display/Video,DV360 / TTD,3P ABM,ds6ljhbstiz,,abm-fy25q1ltaisg_sgmy-b2b-ce_3pabm_aiqcrm-bom_im,WTN - LTA ISG CE,,,,CIP,Bombora,,ABM-3PD AUDIENCE,DV360 / TTD,Prod,via AIQ,505.0,428427.0,457.0,6636.0,0.904950495049505,,,,,,,,,
32,APJ LTA Engagement ISG,MB,Display/Video,DV360 / TTD,3P ABM,d4oe11yhply,,abm-fy25q1ltaisg_anz-b2b-mb_3pabm_aiqcrm-bom_im,WTN - LTA ISG MB,,,,CIP,Bombora,,ABM-3PD AUDIENCE,DV360 / TTD,Prod,via AIQ,2430.0,428420.0,2352.0,20016.0,0.9679012345679012,,,,,,,,,
33,APJ LTA Engagement ISG,MB,Display/Video,DV360 / TTD,3P ABM,dyp08nvk014,,abm-fy25q1ltaisg_in-b2b-mb_3pabm_aiqcrm-bom_im,WTN - LTA ISG MB,,,,CIP,Bombora,,ABM-3PD AUDIENCE,DV360 / TTD,Prod,via AIQ,1805.0,428422.0,1749.0,13124.0,0.9689750692520775,,,,,,,,,
34,APJ LTA Engagement ISG,MB,Display/Video,DV360 / TTD,3P ABM,d8nb8s2wjb4,,abm-fy25q1ltaisg_jp-b2b-mb_3pabm_aiqcrm-bom_im,WTN - LTA ISG MB,,,,CIP,Bombora,,ABM-3PD AUDIENCE,DV360 / TTD,Prod,via AIQ,3014.0,428424.0,2927.0,11239.0,0.971134704711347,,,,,,,,,
35,APJ LTA Engagement ISG,MB,Display/Video,DV360 / TTD,3P ABM,dheqy8ep6cp,,abm-fy25q1ltaisg_kr-b2b-mb_3pabm_aiqcrm-bom_im,WTN - LTA ISG MB,,,,CIP,Bombora,,ABM-3PD AUDIENCE,DV360 / TTD,Prod,via AIQ,12284.0,428426.0,12133.0,33625.0,0.9877075871051775,,,,,,,,,
36,APJ LTA Engagement ISG,MB,Display/Video,DV360 / TTD,3P ABM,dyzd3j36vs0,,abm-fy25q1ltaisg_sgmy-b2b-mb_3pabm_aiqcrm-bom_im,WTN - LTA ISG MB,,,,CIP,Bombora,,ABM-3PD AUDIENCE,DV360 / TTD,Prod,via AIQ,7097.0,428428.0,6911.0,33306.0,0.9737917429899958,,,,,,,,,
37,APJ LTA Premier TXL,CE,Display/Video,DV360 / TTD,3P ABM,db77m6o7gjo,,abm-ltapremierretarget_anz-b2b-com_3pabm_aiqcrm-bom_im,FY25Q1 APJ LTA Premier Retargeting,,,,CIP,Bombora/AIQ,,ABM-3PD AUDIENCE,DV360 / TTD,Prod,via AIQ - Bombora,81.0,426869.0,75.0,,0.9259259259259259,,,,2742.0,,,,,
38,APJ LTA Premier TXL,CE,Display/Video,DV360 / TTD,3P ABM,dduqw1z9kbu,,abm-ltapremierretarget_in-b2b-com_3pabm_aiqcrm-bom_im,FY25Q1 APJ LTA Premier Retargeting,,,,CIP,Bombora/AIQ,,ABM-3PD AUDIENCE,DV360 / TTD,Prod,via AIQ - Bombora,103.0,426871.0,103.0,,1.0,,,,2984.0,,,,,
39,APJ LTA Premier TXL,CE,Display/Video,DV360 / TTD,3P ABM,ddgvueoctld,,abm-ltapremierretarget_jp-b2b-com_3pabm_aiqcrm-bom_im,FY25Q1 APJ LTA Premier Retargeting,,,,CIP,Bombora/AIQ,,ABM-3PD AUDIENCE,DV360 / TTD,Prod,via AIQ - Bombora,192.0,426873.0,191.0,,0.9947916666666666,,,,1134.0,,,,,
40,APJ LTA Premier TXL,CE,Display/Video,DV360 / TTD,3P ABM,d8qyg6lxbtv,,abm-ltapremierretarget_kr-b2b-com_3pabm_aiqcrm-bom_im,FY25Q1 APJ LTA Premier Retargeting,,,,CIP,Bombora/AIQ,,ABM-3PD AUDIENCE,DV360 / TTD,Prod,via AIQ - Bombora,3.0,426875.0,3.0,,1.0,,,,12.0,,,,,
41,APJ LTA Premier TXL,CE,Display/Video,DV360 / TTD,3P ABM,dmq2bplid8t,,abm-ltapremierretarget_my-b2b-com_3pabm_aiqcrm-bom_im,FY25Q1 APJ LTA Premier Retargeting,,,,CIP,Bombora/AIQ,,ABM-3PD AUDIENCE,DV360 / TTD,Prod,via AIQ - Bombora,9.0,426877.0,9.0,,1.0,,,,239.0,,,,,
42,APJ LTA Premier TXL,CE,Display/Video,DV360 / TTD,3P ABM,dotcnqbgnpj,,abm-ltapremierretarget_sg-b2b-com_3pabm_aiqcrm-bom_im,FY25Q1 APJ LTA Premier Retargeting,,,,CIP,Bombora/AIQ,,ABM-3PD AUDIENCE,DV360 / TTD,Prod,via AIQ - Bombora,16.0,426879.0,16.0,,1.0,,,,784.0,,,,,
43,APJ LTA Premier TXL,MB,Display/Video,DV360 / TTD,3P ABM,d7vy68avd66,,abm-ltapremierretarget_anz-b2b-mb_3pabm_aiqcrm-bom_im,FY25Q1 APJ LTA Premier Retargeting,,,,CIP,Bombora/AIQ,,ABM-3PD AUDIENCE,DV360 / TTD,Prod,via AIQ - Bombora,250.0,426870.0,246.0,,0.984,,,,4420.0,,,,,
44,APJ LTA Premier TXL,MB,Display/Video,DV360 / TTD,3P ABM,dge9v3737g6,,abm-ltapremierretarget_in-b2b-mb_3pabm_aiqcrm-bom_im,FY25Q1 APJ LTA Premier Retargeting,,,,CIP,Bombora/AIQ,,ABM-3PD AUDIENCE,DV360 / TTD,Prod,via AIQ - Bombora,70.0,426872.0,69.0,,0.9857142857142858,,,,1015.0,,,,,
45,APJ LTA Premier TXL,MB,Display/Video,DV360 / TTD,3P ABM,d4q1fa6jdtu,,abm-ltapremierretarget_jp-b2b-mb_3pabm_aiqcrm-bom_im,FY25Q1 APJ LTA Premier Retargeting,,,,CIP,Bombora/AIQ,,ABM-3PD AUDIENCE,DV360 / TTD,Prod,via AIQ - Bombora,440.0,426874.0,439.0,,0.9977272727272727,,,,3816.0,,,,,
46,APJ LTA Premier TXL,MB,Display/Video,DV360 / TTD,3P ABM,d1a8ufpl89p,,abm-ltapremierretarget_kr-b2b-mb_3pabm_aiqcrm-bom_im,FY25Q1 APJ LTA Premier Retargeting,,,,CIP,Bombora/AIQ,,ABM-3PD AUDIENCE,DV360 / TTD,Prod,via AIQ - Bombora,71.0,426876.0,71.0,,1.0,,,,410.0,,,,,
47,APJ LTA Premier TXL,MB,Display/Video,DV360 / TTD,3P ABM,dcnyxpf1ij6,,abm-ltapremierretarget_my-b2b-mb_3pabm_aiqcrm-bom_im,FY25Q1 APJ LTA Premier Retargeting,,,,CIP,Bombora/AIQ,,ABM-3PD AUDIENCE,DV360 / TTD,Prod,via AIQ - Bombora,153.0,426878.0,153.0,,1.0,,,,1206.0,,,,,
48,APJ LTA Premier TXL,MB,Display/Video,DV360 / TTD,3P ABM,d9v7v4l722k,,abm-ltapremierretarget_sg-b2b-mb_3pabm_aiqcrm-bom_im,FY25Q1 APJ LTA Premier Retargeting,,,,CIP,Bombora/AIQ,,ABM-3PD AUDIENCE,DV360 / TTD,Prod,via AIQ - Bombora,283.0,426880.0,279.0,,0.9858657243816255,,,,2537.0,,,,,
49,APJ LTA Non Premier TXL,CE,Display/Video,DV360 / TTD,3P ABM,dzn6qztq9eg,,abm-fy25q1ltanonpremier_anz-b2b-com_3pabm_aiqcrm-bom_im,FY25Q1 APJ LTA NonPremier Retargeting,,,,CIP,Bombora/AIQ,,ABM-3PD AUDIENCE,DV360 / TTD,Prod,via AIQ - Bombora,3069.0,427483.0,2311.0,,0.7530140110785272,,,,36385.0,,,,,
50,APJ LTA Non Premier TXL,CE,Display/Video,DV360 / TTD,3P ABM,dvp7uhp1ruf,,abm-fy25q1ltanonpremier_in-b2b-com_3pabm_aiqcrm-bom_im,FY25Q1 APJ LTA NonPremier Retargeting,,,,CIP,Bombora/AIQ,,ABM-3PD AUDIENCE,DV360 / TTD,Prod,via AIQ - Bombora,7061.0,427485.0,6918.0,,0.9797479110607563,,,,75200.0,,,,,
51,APJ LTA Non Premier TXL,CE,Display/Video,DV360 / TTD,3P ABM,dj8fdcspykq,,abm-fy25q1ltanonpremier_jp-b2b-com_3pabm_aiqcrm-bom_im,FY25Q1 APJ LTA NonPremier Retargeting,,,,CIP,Bombora/AIQ,,ABM-3PD AUDIENCE,DV360 / TTD,Prod,via AIQ - Bombora,2906.0,427488.0,2555.0,,0.8792154163799036,,,,14252.0,,,,,
52,APJ LTA Non Premier TXL,CE,Display/Video,DV360 / TTD,3P ABM,dq9oje7tghn,,abm-fy25q1ltanonpremier_kr-b2b-com_3pabm_aiqcrm-bom_im,FY25Q1 APJ LTA NonPremier Retargeting,,,,CIP,Bombora/AIQ,,ABM-3PD AUDIENCE,DV360 / TTD,Prod,via AIQ - Bombora,477.0,427490.0,467.0,,0.9790356394129979,,,,5472.0,,,,,
53,APJ LTA Non Premier TXL,CE,Display/Video,DV360 / TTD,3P ABM,d5n2ez6yk5t,,abm-fy25q1ltanonpremier_my-b2b-com_3pabm_aiqcrm-bom_im,FY25Q1 APJ LTA NonPremier Retargeting,,,,CIP,Bombora/AIQ,,ABM-3PD AUDIENCE,DV360 / TTD,Prod,via AIQ - Bombora,186.0,427493.0,175.0,,0.9408602150537635,,,,1614.0,,,,,
54,APJ LTA Non Premier TXL,CE,Display/Video,DV360 / TTD,3P ABM,d23nizlgq31,,abm-fy25q1ltanonpremier_sg-b2b-com_3pabm_aiqcrm-bom_im,FY25Q1 APJ LTA NonPremier Retargeting,,,,CIP,Bombora/AIQ,,ABM-3PD AUDIENCE,DV360 / TTD,Prod,via AIQ - Bombora,467.0,427495.0,427.0,,0.9143468950749465,,,,6457.0,,,,,
55,APJ LTA Non Premier TXL,MB,Display/Video,DV360 / TTD,3P ABM,dhj0tb35229,,abm-fy25q1ltanonpremier_anz-b2b-mb_3pabm_aiqcrm-bom_im,FY25Q1 APJ LTA NonPremier Retargeting,,,,CIP,Bombora/AIQ,,ABM-3PD AUDIENCE,DV360 / TTD,Prod,via AIQ - Bombora,2696.0,427484.0,2616.0,,0.9703264094955489,,,,23167.0,,,,,
56,APJ LTA Non Premier TXL,MB,Display/Video,DV360 / TTD,3P ABM,djnyufujz15,,abm-fy25q1ltanonpremier_in-b2b-mb_3pabm_aiqcrm-bom_im,FY25Q1 APJ LTA NonPremier Retargeting,,,,CIP,Bombora/AIQ,,ABM-3PD AUDIENCE,DV360 / TTD,Prod,via AIQ - Bombora,2544.0,427486.0,2459.0,,0.9665880503144654,,,,19211.0,,,,,
57,APJ LTA Non Premier TXL,MB,Display/Video,DV360 / TTD,3P ABM,dsb17azesun,,abm-fy25q1ltanonpremier_jp-b2b-mb_3pabm_aiqcrm-bom_im,FY25Q1 APJ LTA NonPremier Retargeting,,,,CIP,Bombora/AIQ,,ABM-3PD AUDIENCE,DV360 / TTD,Prod,via AIQ - Bombora,4155.0,427489.0,4049.0,,0.9744885679903731,,,,16320.0,,,,,
58,APJ LTA Non Premier TXL,MB,Display/Video,DV360 / TTD,3P ABM,d82dsxnohow,,abm-fy25q1ltanonpremier_kr-b2b-mb_3pabm_aiqcrm-bom_im,FY25Q1 APJ LTA NonPremier Retargeting,,,,CIP,Bombora/AIQ,,ABM-3PD AUDIENCE,DV360 / TTD,Prod,via AIQ - Bombora,13232.0,427491.0,13078.0,,0.9883615477629988,,,,37393.0,,,,,
59,APJ LTA Non Premier TXL,MB,Display/Video,DV360 / TTD,3P ABM,dfd2wcs2pbl,,abm-fy25q1ltanonpremier_my-b2b-mb_3pabm_aiqcrm-bom_im,FY25Q1 APJ LTA NonPremier Retargeting,,,,CIP,Bombora/AIQ,,ABM-3PD AUDIENCE,DV360 / TTD,Prod,via AIQ - Bombora,3608.0,427494.0,3584.0,,0.9933481152993349,,,,18017.0,,,,,
60,APJ LTA Non Premier TXL,MB,Display/Video,DV360 / TTD,3P ABM,dtp4rl2cgtu,,abm-fy25q1ltanonpremier_sg-b2b-mb_3pabm_aiqcrm-bom_im,FY25Q1 APJ LTA NonPremier Retargeting,,,,CIP,Bombora/AIQ,,ABM-3PD AUDIENCE,DV360 / TTD,Prod,via AIQ - Bombora,4830.0,427496.0,4656.0,,0.9639751552795031,,,,22746.0,,,,,
61,APJ LTBM_X v1 Premier TXL,CE,Display/Video,DV360 / TTD,3P ABM,d2fnzm3800m,,abm-apjq1ltbmxpremier_anz-b2b-com_3pabm_aiqcrm-bom_im,FY25Q1 APJ LTBM_X Premier,,,,CIP,Bombora/AIQ,,ABM-3PD AUDIENCE,DV360 / TTD,Prod,Excel files - Bombora,1061.0,428921.0,1051.0,,0.9905749293119699,,,,169301.0,,,,,
62,APJ LTBM_X v1 Premier TXL,CE,Display/Video,DV360 / TTD,3P ABM,d7syezmcecb,,abm-apjq1ltbmxpremier_in-b2b-com_3pabm_aiqcrm-bom_im,FY25Q1 APJ LTBM_X Premier,,,,CIP,Bombora/AIQ,,ABM-3PD AUDIENCE,DV360 / TTD,Prod,Excel files - Bombora,1640.0,428927.0,1639.0,,0.999390243902439,,,,138830.0,,,,,
63,APJ LTBM_X v1 Premier TXL,CE,Display/Video,DV360 / TTD,3P ABM,dcomt1uxlpb,,abm-apjq1ltbmxpremier_jp-b2b-com_3pabm_aiqcrm-bom_im,FY25Q1 APJ LTBM_X Premier,,,,CIP,Bombora/AIQ,,ABM-3PD AUDIENCE,DV360 / TTD,Prod,Excel files - Bombora,4689.0,429031.0,4643.0,,0.9901898059287695,,,,93631.0,,,,,
64,APJ LTBM_X v1 Premier TXL,CE,Display/Video,DV360 / TTD,3P ABM,dy4g63zdm5k,,abm-apjq1ltbmxpremier_kr-b2b-com_3pabm_aiqcrm-bom_im,FY25Q1 APJ LTBM_X Premier,,,,CIP,Bombora/AIQ,,ABM-3PD AUDIENCE,DV360 / TTD,Prod,Excel files - Bombora,72.0,428958.0,70.0,,0.9722222222222222,,,,4331.0,,,,,
65,APJ LTBM_X v1 Premier TXL,CE,Display/Video,DV360 / TTD,3P ABM,dmvymf5j9ff,,abm-apjq1ltbmxpremier_my-b2b-com_3pabm_aiqcrm-bom_im,FY25Q1 APJ LTBM_X Premier,,,,CIP,Bombora/AIQ,,ABM-3PD AUDIENCE,DV360 / TTD,Prod,Excel files - Bombora,219.0,428996.0,219.0,,1.0,,,,13852.0,,,,,
66,APJ LTBM_X v1 Premier TXL,CE,Display/Video,DV360 / TTD,3P ABM,dypzyc0a1cm,,abm-apjq1ltbmxpremier_sg-b2b-com_3pabm_aiqcrm-bom_im,FY25Q1 APJ LTBM_X Premier,,,,CIP,Bombora/AIQ,,ABM-3PD AUDIENCE,DV360 / TTD,Prod,Excel files - Bombora,262.0,429044.0,256.0,,0.9770992366412213,,,,22672.0,,,,,
67,APJ LTBM_X v1 Premier TXL,MB,Display/Video,DV360 / TTD,3P ABM,dmpxndjn3s0,,abm-apjq1ltbmxpremier_anz-b2b-mb_3pabm_aiqcrm-bom_im,FY25Q1 APJ LTBM_X Premier,,,,CIP,Bombora/AIQ,,ABM-3PD AUDIENCE,DV360 / TTD,Prod,Excel files - Bombora,1703.0,428922.0,1700.0,,0.9982384028185555,,,,35703.0,,,,,
68,APJ LTBM_X v1 Premier TXL,MB,Display/Video,DV360 / TTD,3P ABM,dj50sl7jvvs,,abm-apjq1ltbmxpremier_in-b2b-mb_3pabm_aiqcrm-bom_im,FY25Q1 APJ LTBM_X Premier,,,,CIP,Bombora/AIQ,,ABM-3PD AUDIENCE,DV360 / TTD,Prod,Excel files - Bombora,726.0,428925.0,725.0,,0.9986225895316805,,,,12010.0,,,,,
69,APJ LTBM_X v1 Premier TXL,MB,Display/Video,DV360 / TTD,3P ABM,dmaltw837cl,,abm-apjq1ltbmxpremier_jp-b2b-mb_3pabm_aiqcrm-bom_im,FY25Q1 APJ LTBM_X Premier,,,,CIP,Bombora/AIQ,,ABM-3PD AUDIENCE,DV360 / TTD,Prod,Excel files - Bombora,3824.0,429032.0,3818.0,,0.9984309623430963,,,,42808.0,,,,,
70,APJ LTBM_X v1 Premier TXL,MB,Display/Video,DV360 / TTD,3P ABM,d204gf1supn,,abm-apjq1ltbmxpremier_kr-b2b-mb_3pabm_aiqcrm-bom_im,FY25Q1 APJ LTBM_X Premier,,,,CIP,Bombora/AIQ,,ABM-3PD AUDIENCE,DV360 / TTD,Prod,Excel files - Bombora,127.0,428959.0,127.0,,1.0,,,,1047.0,,,,,
71,APJ LTBM_X v1 Premier TXL,MB,Display/Video,DV360 / TTD,3P ABM,ddc2nxxlp6j,,abm-apjq1ltbmxpremier_my-b2b-mb_3pabm_aiqcrm-bom_im,FY25Q1 APJ LTBM_X Premier,,,,CIP,Bombora/AIQ,,ABM-3PD AUDIENCE,DV360 / TTD,Prod,Excel files - Bombora,389.0,428998.0,388.0,,0.9974293059125964,,,,4714.0,,,,,
72,APJ LTBM_X v1 Premier TXL,MB,Display/Video,DV360 / TTD,3P ABM,dmv6ua3epmm,,abm-apjq1ltbmxpremier_sg-b2b-mb_3pabm_aiqcrm-bom_im,FY25Q1 APJ LTBM_X Premier,,,,CIP,Bombora/AIQ,,ABM-3PD AUDIENCE,DV360 / TTD,Prod,Excel files - Bombora,523.0,429045.0,518.0,,0.9904397705544933,,,,6524.0,,,,,
73,APJ LTBM_X v1 NonPremier TXL,CE,Display/Video,DV360 / TTD,3P ABM,d7eaumxzol3,,abm-apjq1ltbmxnonpremier_anz-b2b-com_3pabm_aiqcrm-bom_im,FY25Q1 APJ LTBM_X NonPremier,,,,CIP,Bombora/AIQ,,ABM-3PD AUDIENCE,DV360 / TTD,Prod,Excel files - Bombora,2835.0,428918.0,2574.0,,0.9079365079365079,,,,123486.0,,,,,
74,APJ LTBM_X v1 NonPremier TXL,CE,Display/Video,DV360 / TTD,3P ABM,d4ejp3cwe11,,abm-apjq1ltbmxnonpremier_in-b2b-com_3pabm_aiqcrm-bom_im,FY25Q1 APJ LTBM_X NonPremier,,,,CIP,Bombora/AIQ,,ABM-3PD AUDIENCE,DV360 / TTD,Prod,Excel files - Bombora,14369.0,428923.0,14077.0,,0.9796784744937017,,,,268824.0,,,,,
75,APJ LTBM_X v1 NonPremier TXL,CE,Display/Video,DV360 / TTD,3P ABM,dc3y9zc9kip,,abm-apjq1ltbmxnonpremier_jp-b2b-com_3pabm_aiqcrm-bom_im,FY25Q1 APJ LTBM_X NonPremier,,,,CIP,Bombora/AIQ,,ABM-3PD AUDIENCE,DV360 / TTD,Prod,Excel files - Bombora,54160.0,428941.0,39160.0,,0.7230428360413589,,,,307052.0,,,,,
76,APJ LTBM_X v1 NonPremier TXL,CE,Display/Video,DV360 / TTD,3P ABM,d1l9b6wksvh,,abm-apjq1ltbmxnonpremier_kr-b2b-com_3pabm_aiqcrm-bom_im,FY25Q1 APJ LTBM_X NonPremier,,,,CIP,Bombora/AIQ,,ABM-3PD AUDIENCE,DV360 / TTD,Prod,Excel files - Bombora,3172.0,428956.0,3127.0,,0.9858133669609079,,,,80495.0,,,,,
77,APJ LTBM_X v1 NonPremier TXL,CE,Display/Video,DV360 / TTD,3P ABM,dik87las0bb,,abm-apjq1ltbmxnonpremier_my-b2b-com_3pabm_aiqcrm-bom_im,FY25Q1 APJ LTBM_X NonPremier,,,,CIP,Bombora/AIQ,,ABM-3PD AUDIENCE,DV360 / TTD,Prod,Excel files - Bombora,1631.0,428994.0,1598.0,,0.979767014101778,,,,47568.0,,,,,
78,APJ LTBM_X v1 NonPremier TXL,CE,Display/Video,DV360 / TTD,3P ABM,d38tmmw7hep,,abm-apjq1ltbmxnonpremier_sg-b2b-com_3pabm_aiqcrm-bom_im,FY25Q1 APJ LTBM_X NonPremier,,,,CIP,Bombora/AIQ,,ABM-3PD AUDIENCE,DV360 / TTD,Prod,Excel files - Bombora,2182.0,429042.0,2090.0,,0.9578368469294225,,,,73959.0,,,,,
79,APJ LTBM_X v1 NonPremier TXL,MB,Display/Video,DV360 / TTD,3P ABM,dtg9bu5imjn,,abm-apjq1ltbmxnonpremier_anz-b2b-mb_3pabm_aiqcrm-bom_im,FY25Q1 APJ LTBM_X NonPremier,,,,CIP,Bombora/AIQ,,ABM-3PD AUDIENCE,DV360 / TTD,Prod,Excel files - Bombora,1559.0,428920.0,1519.0,,0.9743425272610647,,,,25192.0,,,,,
80,APJ LTBM_X v1 NonPremier TXL,MB,Display/Video,DV360 / TTD,3P ABM,dx8eppo95lu,,abm-apjq1ltbmxnonpremier_in-b2b-mb_3pabm_aiqcrm-bom_im,FY25Q1 APJ LTBM_X NonPremier,,,,CIP,Bombora/AIQ,,ABM-3PD AUDIENCE,DV360 / TTD,Prod,Excel files - Bombora,2539.0,428924.0,2511.0,,0.9889720362347381,,,,24484.0,,,,,
81,APJ LTBM_X v1 NonPremier TXL,MB,Display/Video,DV360 / TTD,3P ABM,dbvs4tf8ugx,,abm-apjq1ltbmxnonpremier_jp-b2b-mb_3pabm_aiqcrm-bom_im,FY25Q1 APJ LTBM_X NonPremier,,,,CIP,Bombora/AIQ,,ABM-3PD AUDIENCE,DV360 / TTD,Prod,Excel files - Bombora,9043.0,428938.0,8943.0,,0.9889417228795754,,,,59653.0,,,,,
82,APJ LTBM_X v1 NonPremier TXL,MB,Display/Video,DV360 / TTD,3P ABM,d73p2n23cxq,,abm-apjq1ltbmxnonpremier_kr-b2b-mb_3pabm_aiqcrm-bom_im,FY25Q1 APJ LTBM_X NonPremier,,,,CIP,Bombora/AIQ,,ABM-3PD AUDIENCE,DV360 / TTD,Prod,Excel files - Bombora,3517.0,428957.0,3505.0,,0.9965880011373329,,,,20854.0,,,,,
83,APJ LTBM_X v1 NonPremier TXL,MB,Display/Video,DV360 / TTD,3P ABM,dvsnsupjoha,,abm-apjq1ltbmxnonpremier_my-b2b-mb_3pabm_aiqcrm-bom_im,FY25Q1 APJ LTBM_X NonPremier,,,,CIP,Bombora/AIQ,,ABM-3PD AUDIENCE,DV360 / TTD,Prod,Excel files - Bombora,2283.0,428995.0,2278.0,,0.9978098992553658,,,,19140.0,,,,,
84,APJ LTBM_X v1 NonPremier TXL,MB,Display/Video,DV360 / TTD,3P ABM,do2sme7gfk4,,abm-apjq1ltbmxnonpremier_sg-b2b-mb_3pabm_aiqcrm-bom_im,FY25Q1 APJ LTBM_X NonPremier,,,,CIP,Bombora/AIQ,,ABM-3PD AUDIENCE,DV360 / TTD,Prod,Excel files - Bombora,2077.0,429043.0,2043.0,,0.9836302359171882,,,,17752.0,,,,,
85,APJ LTBM_X v2 Premier TXL,CE,Display/Video,DV360 / TTD,3P ABM,dz2e3d0hsss,,abm-apjq1ltbmxv2premier_anz-b2b-com_3pabm_aiqcrm-bom_im,FY25Q1 APJ LTBM_X v2 Premier,,,,CIP,Bombora/AIQ,,ABM-3PD AUDIENCE,DV360 / TTD,Prod,Excel files - Bombora,1093.0,429975.0,1075.0,,0.9835315645013724,,,,169879.0,,,,,
86,APJ LTBM_X v2 Premier TXL,CE,Display/Video,DV360 / TTD,3P ABM,dbh6mvj9jqo,,abm-apjq1ltbmxv2premier_in-b2b-com_3pabm_aiqcrm-bom_im,FY25Q1 APJ LTBM_X v2 Premier,,,,CIP,Bombora/AIQ,,ABM-3PD AUDIENCE,DV360 / TTD,Prod,Excel files - Bombora,1674.0,429980.0,1669.0,,0.9970131421744325,,,,139703.0,,,,,
87,APJ LTBM_X v2 Premier TXL,CE,Display/Video,DV360 / TTD,3P ABM,daqtwbsy5dd,,abm-apjq1ltbmxv2premier_jp-b2b-com_3pabm_aiqcrm-bom_im,FY25Q1 APJ LTBM_X v2 Premier,,,,CIP,Bombora/AIQ,,ABM-3PD AUDIENCE,DV360 / TTD,Prod,Excel files - Bombora,5001.0,429988.0,4988.0,,0.9974005198960207,,,,103112.0,,,,,
88,APJ LTBM_X v2 Premier TXL,CE,Display/Video,DV360 / TTD,3P ABM,dy4j5a6fxkq,,abm-apjq1ltbmxv2premier_kr-b2b-com_3pabm_aiqcrm-bom_im,FY25Q1 APJ LTBM_X v2 Premier,,,,CIP,Bombora/AIQ,,ABM-3PD AUDIENCE,DV360 / TTD,Prod,Excel files - Bombora,79.0,429985.0,77.0,,0.9746835443037974,,,,4966.0,,,,,
89,APJ LTBM_X v2 Premier TXL,CE,Display/Video,DV360 / TTD,3P ABM,dh5ma9jo9xx,,abm-apjq1ltbmxv2premier_my-b2b-com_3pabm_aiqcrm-bom_im,FY25Q1 APJ LTBM_X v2 Premier,,,,CIP,Bombora/AIQ,,ABM-3PD AUDIENCE,DV360 / TTD,Prod,Excel files - Bombora,1085.0,429992.0,226.0,,0.20829493087557605,,,,13966.0,,,,,
90,APJ LTBM_X v2 Premier TXL,CE,Display/Video,DV360 / TTD,3P ABM,dp3wih16qk2,,abm-apjq1ltbmxv2premier_sg-b2b-com_3pabm_aiqcrm-bom_im,FY25Q1 APJ LTBM_X v2 Premier,,,,CIP,Bombora/AIQ,,ABM-3PD AUDIENCE,DV360 / TTD,Prod,Excel files - Bombora,499.0,429996.0,261.0,,0.5230460921843687,,,,22870.0,,,,,
91,APJ LTBM_X v2 Premier TXL,MB,Display/Video,DV360 / TTD,3P ABM,dwgs8g8q625,,abm-apjq1ltbmxv2premier_anz-b2b-mb_3pabm_aiqcrm-bom_im,FY25Q1 APJ LTBM_X v2 Premier,,,,CIP,Bombora/AIQ,,ABM-3PD AUDIENCE,DV360 / TTD,Prod,Excel files - Bombora,1797.0,429978.0,1790.0,,0.9961046188091264,,,,37057.0,,,,,
92,APJ LTBM_X v2 Premier TXL,MB,Display/Video,DV360 / TTD,3P ABM,dzmmydi3oll,,abm-apjq1ltbmxv2premier_in-b2b-mb_3pabm_aiqcrm-bom_im,FY25Q1 APJ LTBM_X v2 Premier,,,,CIP,Bombora/AIQ,,ABM-3PD AUDIENCE,DV360 / TTD,Prod,Excel files - Bombora,763.0,429981.0,759.0,,0.9947575360419397,,,,12261.0,,,,,
93,APJ LTBM_X v2 Premier TXL,MB,Display/Video,DV360 / TTD,3P ABM,dzqw5fff7tu,,abm-apjq1ltbmxv2premier_jp-b2b-mb_3pabm_aiqcrm-bom_im,FY25Q1 APJ LTBM_X v2 Premier,,,,CIP,Bombora/AIQ,,ABM-3PD AUDIENCE,DV360 / TTD,Prod,Excel files - Bombora,4001.0,429987.0,3994.0,,0.9982504373906523,,,,44104.0,,,,,
94,APJ LTBM_X v2 Premier TXL,MB,Display/Video,DV360 / TTD,3P ABM,diimexyedln,,abm-apjq1ltbmxv2premier_kr-b2b-mb_3pabm_aiqcrm-bom_im,FY25Q1 APJ LTBM_X v2 Premier,,,,CIP,Bombora/AIQ,,ABM-3PD AUDIENCE,DV360 / TTD,Prod,Excel files - Bombora,172.0,429986.0,172.0,,1.0,,,,1279.0,,,,,
95,APJ LTBM_X v2 Premier TXL,MB,Display/Video,DV360 / TTD,3P ABM,d9m5mlhumq8,,abm-apjq1ltbmxv2premier_my-b2b-mb_3pabm_aiqcrm-bom_im,FY25Q1 APJ LTBM_X v2 Premier,,,,CIP,Bombora/AIQ,,ABM-3PD AUDIENCE,DV360 / TTD,Prod,Excel files - Bombora,488.0,429993.0,487.0,,0.9979508196721312,,,,5358.0,,,,,
96,APJ LTBM_X v2 Premier TXL,MB,Display/Video,DV360 / TTD,3P ABM,dnym8fxj00q,,abm-apjq1ltbmxv2premier_sg-b2b-mb_3pabm_aiqcrm-bom_im,FY25Q1 APJ LTBM_X v2 Premier,,,,CIP,Bombora/AIQ,,ABM-3PD AUDIENCE,DV360 / TTD,Prod,Excel files - Bombora,697.0,429997.0,691.0,,0.9913916786226685,,,,7923.0,,,,,
97,APJ LTBM_X v2 NonPremier TXL,CE,Display/Video,DV360 / TTD,3P ABM,d1wh0baavfc,,abm-apjq1ltbmxv2nonpremier_anz-b2b-com_3pabm_aiqcrm-bom_im,FY25Q1 APJ LTBM_X v2 NonPremier,,,,CIP,Bombora/AIQ,,ABM-3PD AUDIENCE,DV360 / TTD,Prod,Excel files - Bombora,5461.0,429974.0,4296.0,,0.7866691082219374,,,,144994.0,,,,,
98,APJ LTBM_X v2 NonPremier TXL,CE,Display/Video,DV360 / TTD,3P ABM,d1ugwfc215o,,abm-apjq1ltbmxv2nonpremier_in-b2b-com_3pabm_aiqcrm-bom_im,FY25Q1 APJ LTBM_X v2 NonPremier,,,,CIP,Bombora/AIQ,,ABM-3PD AUDIENCE,DV360 / TTD,Prod,Excel files - Bombora,20696.0,429979.0,20118.0,,0.9720718979512949,,,,322918.0,,,,,
99,APJ LTBM_X v2 NonPremier TXL,CE,Display/Video,DV360 / TTD,3P ABM,dbife39k06q,,abm-apjq1ltbmxv2nonpremier_jp-b2b-com_3pabm_aiqcrm-bom_im,FY25Q1 APJ LTBM_X v2 NonPremier,,,,CIP,Bombora/AIQ,,ABM-3PD AUDIENCE,DV360 / TTD,Prod,Excel files - Bombora,69139.0,429989.0,52687.0,,0.7620445768668913,,,,324136.0,,,,,
100,APJ LTBM_X v2 NonPremier TXL,CE,Display/Video,DV360 / TTD,3P ABM,dlv0gsf44v0,,abm-apjq1ltbmxv2nonpremier_kr-b2b-com_3pabm_aiqcrm-bom_im,FY25Q1 APJ LTBM_X v2 NonPremier,,,,CIP,Bombora/AIQ,,ABM-3PD AUDIENCE,DV360 / TTD,Prod,Excel files - Bombora,3912.0,429983.0,3843.0,,0.9823619631901841,,,,84241.0,,,,,
101,APJ LTBM_X v2 NonPremier TXL,CE,Display/Video,DV360 / TTD,3P ABM,d2hu1fdzuo4,,abm-apjq1ltbmxv2nonpremier_my-b2b-com_3pabm_aiqcrm-bom_im,FY25Q1 APJ LTBM_X v2 NonPremier,,,,CIP,Bombora/AIQ,,ABM-3PD AUDIENCE,DV360 / TTD,Prod,Excel files - Bombora,18450.0,429990.0,1753.0,,0.09501355013550135,,,,48937.0,,,,,
102,APJ LTBM_X v2 NonPremier TXL,CE,Display/Video,DV360 / TTD,3P ABM,dq114sqjevm,,abm-apjq1ltbmxv2nonpremier_sg-b2b-com_3pabm_aiqcrm-bom_im,FY25Q1 APJ LTBM_X v2 NonPremier,,,,CIP,Bombora/AIQ,,ABM-3PD AUDIENCE,DV360 / TTD,Prod,Excel files - Bombora,15482.0,429994.0,2591.0,,0.16735563880635576,,,,81078.0,,,,,
103,APJ LTBM_X v2 NonPremier TXL,MB,Display/Video,DV360 / TTD,3P ABM,d2x6ai17zrw,,abm-apjq1ltbmxv2nonpremier_anz-b2b-mb_3pabm_aiqcrm-bom_im,FY25Q1 APJ LTBM_X v2 NonPremier,,,,CIP,Bombora/AIQ,,ABM-3PD AUDIENCE,DV360 / TTD,Prod,Excel files - Bombora,3975.0,429976.0,3863.0,,0.9718238993710692,,,,44628.0,,,,,
104,APJ LTBM_X v2 NonPremier TXL,MB,Display/Video,DV360 / TTD,3P ABM,dn14pvwrvsk,,abm-apjq1ltbmxv2nonpremier_in-b2b-mb_3pabm_aiqcrm-bom_im,FY25Q1 APJ LTBM_X v2 NonPremier,,,,CIP,Bombora/AIQ,,ABM-3PD AUDIENCE,DV360 / TTD,Prod,Excel files - Bombora,4632.0,429977.0,4511.0,,0.9738773747841105,,,,38588.0,,,,,
105,APJ LTBM_X v2 NonPremier TXL,MB,Display/Video,DV360 / TTD,3P ABM,d3fs0a0ceih,,abm-apjq1ltbmxv2nonpremier_jp-b2b-mb_3pabm_aiqcrm-bom_im,FY25Q1 APJ LTBM_X v2 NonPremier,,,,CIP,Bombora/AIQ,,ABM-3PD AUDIENCE,DV360 / TTD,Prod,Excel files - Bombora,12298.0,429982.0,12097.0,,0.9836558790047162,,,,71077.0,,,,,
106,APJ LTBM_X v2 NonPremier TXL,MB,Display/Video,DV360 / TTD,3P ABM,daykogoymo6,,abm-apjq1ltbmxv2nonpremier_kr-b2b-mb_3pabm_aiqcrm-bom_im,FY25Q1 APJ LTBM_X v2 NonPremier,,,,CIP,Bombora/AIQ,,ABM-3PD AUDIENCE,DV360 / TTD,Prod,Excel files - Bombora,16113.0,429999.0,15948.0,,0.9897598212623347,,,,53672.0,,,,,
107,APJ LTBM_X v2 NonPremier TXL,MB,Display/Video,DV360 / TTD,3P ABM,d8nmdzx8maz,,abm-apjq1ltbmxv2nonpremier_my-b2b-mb_3pabm_aiqcrm-bom_im,FY25Q1 APJ LTBM_X v2 NonPremier,,,,CIP,Bombora/AIQ,,ABM-3PD AUDIENCE,DV360 / TTD,Prod,Excel files - Bombora,5439.0,429991.0,5402.0,,0.9931972789115646,,,,32884.0,,,,,
108,APJ LTBM_X v2 NonPremier TXL,MB,Display/Video,DV360 / TTD,3P ABM,dv33rcpcv0s,,abm-apjq1ltbmxv2nonpremier_sg-b2b-mb_3pabm_aiqcrm-bom_im,FY25Q1 APJ LTBM_X v2 NonPremier,,,,CIP,Bombora/AIQ,,ABM-3PD AUDIENCE,DV360 / TTD,Prod,Excel files - Bombora,6493.0,429995.0,6287.0,,0.9682735253349761,,,,36069.0,,,,,
109,EMEA LTA Engagement,CE,Display/Video,DV360 / TTD,3P ABM,d63wr11e2m9,,abm-fy25q1emealta_fr-b2b-com_3pabm_aiqcrm-bom_im,WTN - LTA Audience,,,,CIP,Bombora,,ABM-3PD AUDIENCE,DV360 / TTD,Prod,Excel Files,924.0,431291.0,838.0,31349.0,0.9069264069264069,,,,,,,,,
110,EMEA LTA Engagement,CE,Display/Video,DV360 / TTD,3P ABM,dk5ig0td59f,,abm-fy25q1emealta_de-b2b-com_3pabm_aiqcrm-bom_im,WTN - LTA Audience,,,,CIP,Bombora,,ABM-3PD AUDIENCE,DV360 / TTD,Prod,Excel Files,3602.0,431286.0,3170.0,30114.0,0.8800666296501943,,,,,,,,,
111,EMEA LTA Engagement,CE,Display/Video,DV360 / TTD,3P ABM,dqi2gm1mvo2,,abm-fy25q1emealta_uk-b2b-com_3pabm_aiqcrm-bom_im,WTN - LTA Audience,,,,CIP,Bombora,,ABM-3PD AUDIENCE,DV360 / TTD,Prod,Excel Files,1107.0,431287.0,949.0,34776.0,0.8572719060523939,,,,,,,,,
112,EMEA LTA Engagement,CE,Display/Video,DV360 / TTD,3P ABM,dt3b7uj0nda,,abm-fy25q1emealta_fr-b2b-mb_3pabm_aiqcrm-bom_im,WTN - LTA Audience,,,,CIP,Bombora,,ABM-3PD AUDIENCE,DV360 / TTD,Prod,Excel Files,7655.0,431288.0,6919.0,35342.0,0.9038536903984324,,,,,,,,,
113,EMEA LTA Engagement,CE,Display/Video,DV360 / TTD,3P ABM,dvfyupidjp8,,abm-fy25q1emealta_de-b2b-mb_3pabm_aiqcrm-bom_im,WTN - LTA Audience,,,,CIP,Bombora,,ABM-3PD AUDIENCE,DV360 / TTD,Prod,Excel Files,11196.0,431289.0,10119.0,53117.0,0.9038049303322615,,,,,,,,,
114,EMEA LTA Engagement,CE,Display/Video,DV360 / TTD,3P ABM,du1yw1y7svm,,abm-fy25q1emealta_uk-b2b-mb_3pabm_aiqcrm-bom_im,WTN - LTA Audience,,,,CIP,Bombora,,ABM-3PD AUDIENCE,DV360 / TTD,Prod,Excel Files,10771.0,431290.0,9990.0,75096.0,0.9274904837062483,,,,,,,,,
115,Engage,MB,,Quantcast,ABM,d46cnoo4j72,,targeting-abmltambfy25q1qc_us-mb_3pabm_oracle-180-ads-tru-web-who_em/fi,ABM audience consisting of MB LTA ITDMs/BDMs,,7.1M,,,180byTwo-Adstra-Trusignal-Webbula-Who2 by NetWise,,,,,,,,,,,,,,,Display/Video/Native,674075.0,2.0,ABM-3PD AUDIENCE,
116,,MB,,Quantcast,ABM,dfrckr67a89,,targeting-abmltxfy25q1qc_us-mb_3pabm_oracle-180-ads-tru-web-who_em/fi,ABM audience consisting of MB LTX ITDMs/BDMs,,3.9M,,,180byTwo-Adstra-Trusignal-Webbula-Who2 by NetWise,,,,,,,,,,,,,,,Display/Video/Native,,2.0,ABM-3PD AUDIENCE,
117,Engage,MB,,DV360,ABM,dmilc27mbts,,targeting-abmltambfy25q1dv_us-mb_3pabm_pubmatic-dab-eyta_em/fi,ABM audience consisting of MB LTA ITDMs/BDMs,,15.1M,,,Dun and Bradstreet-Eyeota,,,,,,,,,,,,,,,Display/Video,,2.0,ABM-3PD AUDIENCE,
118,,MB,,DV360,ABM,d4gfyp2sh5b,,targeting-abmltxfy25q1dv_us-mb_3pabm_pubmatic-dab-eyta_em/fi,ABM audience consisting of MB LTX ITDMs/BDMs,,8.4M,,,Dun and Bradstreet-Eyeota,,,,,,,,,,,,,,,Display/Video,,2.0,ABM-3PD AUDIENCE,
119,Engage,MB,,DV360,ABM,dn8v6gr1d7f,,targeting-abmmbfy25q1native_us-mb_3pabm_oracle-dab-eyta_em/fi,ABM audience consisting of MB LTA ITDMs/BDMs for Native placements,,6M,,,Dun and Bradstreet-Eyeota,,,,,,,,,,,,,,,Native,675553.0,2.0,ABM-3PD AUDIENCE,
120,,MB,,DV360,ABM,dv7g7a3wcpm,,targeting-abmltxfy25q1native_us-mb_3pabm_oracle-dab-eyta_em/fi,ABM audience consisting of MB LTX ITDMs/BDMs for Native placements,,3.4M,,,Dun and Bradstreet-Eyeota,,,,,,,,,,,,,,,Native,,2.0,ABM-3PD AUDIENCE,
121,Engage,MB,,TTD,ABM,diyir4l6fp2,,targeting-abmltambfy25q1ttd_us-mb_3pabm_oracle-33a-aiq-bom-equ-expr-lot-sht-strst-tns_em/fi,ABM audience consisting of MB LTA ITDMs/BDMs,,5M,,,33Across-AnalyticsIQ-Bombora-Equifax IXI-Experian-Lotame-ShareThis-Stirista-TransUnion,,,,,,,,,,,,,,,Display/Video,674079.0,2.0,ABM-3PD AUDIENCE,
122,,MB,,TTD,ABM,d11clhvr3bh,,targeting-abmltxfy25q1ttd_us-mb_3pabm_oracle-33a-aiq-bom-equ-expr-lot-sht-strst-tns_em/fi,ABM audience consisting of MB LTX ITDMs/BDMs,,2.8M,,,33Across-AnalyticsIQ-Bombora-Equifax IXI-Experian-Lotame-ShareThis-Stirista-TransUnion,,,,,,,,,,,,,,,Display/Video,,2.0,ABM-3PD AUDIENCE,
123,Engage,MB,,TTD,CRM,dzu5tp55fcq,,targeting-crmltambfy25q1_us-mb_1pcrm_aiqcrm-aiq_em,CRM audience consisting of Dell contacts at MB LTA accounts,,580.6k,,,,,,,,,,,,,,,,,,Display/Video,,,CRM-1PD CRM,
124,,MB,,TTD,CRM,div7t4r3z90,,targeting-crmltxfy25q1_us-mb_1pcrm_aiqcrm-aiq_em,CRM audience consisting of Dell contacts at MB LTX accounts,,1.9M,,,,,,,,,,,,,,,,,,Display/Video,,,CRM-1PD CRM,
125,Engage,MB,,Youtube,CRM,dcqqixfgl1d,,targeting-crmltambfy25q1yt_us-mb_1pcrm_liveramp-aiq_em,CRM audience consisting of Dell contacts at MB LTA accounts,,578.8k,,,,,,,,,,,,,,,,,,Video,,,CRM-1PD CRM,
126,,MB,,Youtube,CRM,dmdr9r95vza,,targeting-crmltxfy25q1yt_us-mb_1pcrm_liveramp-aiq_em,CRM audience consisting of Dell contacts at MB LTX accounts,,1.9M,,,,,,,,,,,,,,,,,,Video,,,CRM-1PD CRM,
127,Engage,CE,,Quantcast,ABM,d7scttwtlbb,,targeting-abmltacefy25q1qc_us-ce_3pabm_oracle-180-ads-tru-web-who_em/fi,ABM audience consisting of CE LTA ITDMs/BDMs,,4.5M,,,180byTwo-Adstra-Trusignal-Webbula-Who2 by NetWise,,,,,,,,,,,,,,,Display/Video,674083.0,2.0,ABM-3PD AUDIENCE,
128,,CE,,Quantcast,ABM,dto1pnd6zdx,,targeting-abmltxfy25q1qc_us-ce_3pabm_oracle-180-ads-tru-web-who_em/fi,ABM audience consisting of CE LTX ITDMs/BDMs,,5.8M,,,180byTwo-Adstra-Trusignal-Webbula-Who2 by NetWise,,,,,,,,,,,,,,,Display/Video,,2.0,ABM-3PD AUDIENCE,
129,Engage,CE,,DV360,ABM,duncyq06cun,,targeting-abmltacefy25q1dv_us-ce_3pabm_pubmatic-dab-eyta_em/fi,ABM audience consisting of CE LTA ITDMs/BDMs,,10.2M,,,Dun and Bradstreet-Eyeota,,,,,,,,,,,,,,,Display/Video,,2.0,ABM-3PD AUDIENCE,
130,,CE,,DV360,ABM,d8to99beyae,,targeting-abmltxfy25q1dv_us-ce_3pabm_pubmatic-dab-eyta_em/fi,ABM audience consisting of CE LTX ITDMs/BDMs,,12.6M,,,Dun and Bradstreet-Eyeota,,,,,,,,,,,,,,,Display/Video,,2.0,ABM-3PD AUDIENCE,
131,Engage,CE,,DV360,ABM,d2s909hq8my,,targeting-abmcefy25q1native_us-ce_3pabm_oracle-dab-eyta_em/fi,ABM audience consisting of CE LTA ITDMs/BDMs for Native placements,,6.9M,,,Dun and Bradstreet-Eyeota,,,,,,,,,,,,,,,Native,675557.0,2.0,ABM-3PD AUDIENCE,
132,,CE,,DV360,ABM,d3fsspuovki,,targeting-abmltxfy25q1native_us-ce_3pabm_oracle-dab-eyta_em/fi,ABM audience consisting of CE LTX ITDMs/BDMs,,8.3M,,,Dun and Bradstreet-Eyeota,,,,,,,,,,,,,,,Native,,2.0,ABM-3PD AUDIENCE,
133,Engage,CE,,TTD,ABM,d397ashg35d,,targeting-abmltacefy25q1ttd_us-ce_3pabm_oracle-33a-aiq-bom-equ-expr-lot-sht-strst-tns_em/fi,ABM audience consisting of CE LTA ITDMs/BDMs,,5.1M,,,33Across-AnalyticsIQ-Bombora-Equifax IXI-Experian-Lotame-ShareThis-Stirista-TransUnion,,,,,,,,,,,,,,,Display/Video,674086.0,2.0,ABM-3PD AUDIENCE,
134,,CE,,TTD,ABM,dfaomhohn6d,,targeting-abmltxfy25q1ttd_us-ce_3pabm_oracle-33a-aiq-bom-equ-expr-lot-sht-strst-tns_em/fi,ABM audience consisting of CE LTX ITDMs/BDMs,,6.2M,,,33Across-AnalyticsIQ-Bombora-Equifax IXI-Experian-Lotame-ShareThis-Stirista-TransUnion,,,,,,,,,,,,,,,Display/Video,,2.0,ABM-3PD AUDIENCE,
135,Engage,CE,,TTD,CRM,duom03x13gx,,targeting-uidtestgroupcrmlta_us-ce_1pcrm_aiqcrm-aiq_em,"CE LTA Test Group UID2.0
TTD name: AIQ_424646_1_targeting-crmltacefy25q1_us-ce_1pcrm_aiqcrm-aiq_em",,195.7k,,,,,,,,,,,,,,,,,,Display/Video,,,CRM-1PD CRM,
136,Engage,CE,,TTD,CRM,dklm646yyyu,,targeting-uidcontrolgroupcrmlta_us-ce_1pcrm_aiqcrm-aiq_em,"CE LTA Control Group UID2.0
TTD name: AIQ_424646_0_targeting-crmltacefy25q1_us-ce_1pcrm_aiqcrm-aiq_em",,204.5k,,,,,,,,,,,,,,,,,,Display/Video,,,CRM-1PD CRM,
137,,CE,,TTD,CRM,dthhokliyhi,,targeting-crmltxfy25q1_us-ce_1pcrm_aiqcrm-aiq_em,CRM audience consisting of Dell contacts at CE LTX accounts,,3.8M,,,,,,,,,,,,,,,,,,Display/Video,,,CRM-1PD CRM,
138,Engage,CE,,TTD,LAL,damd8m85b7e,,targeting-itdmlalaiq_us-ce_1plal_aiqcrm-aiq_em,ITDM LAL audience from AIQ,,,,,,,,,,,,,,,,,,,,Display/Video,,,1PLAL,
139,Engage,CE,,Youtube,CRM,dac8scjl3zv,,targeting-crmltacefy25q1yt_us-ce_1pcrm_liveramp-aiq_em,CRM audience consisting of Dell contacts at CE LTA accounts,,796.5k,,,,,,,,,,,,,,,,,,Video,,,CRM-1PD CRM,
140,,CE,,Youtube,CRM,dm7fj5n55o1,,targeting-crmltxfy25q1yt_us-ce_1pcrm_liveramp-aiq_em,CRM audience consisting of Dell contacts at CE LTX accounts,,3.8M,,,,,,,,,,,,,,,,,,Video,,,CRM-1PD CRM,
141,Convert,MB,,Quantcast,ABM,dbxhy51ly3m,,targeting-abmltmaxmbfy25q1qc_us-mb_3pabm_oracle-180-ads-tru-web-who_em/fi,ABM audience consisting of MB LTM ITDMs/BDMs,,5.5M,,,180byTwo-Adstra-Trusignal-Webbula-Who2 by NetWise,,,,,,,,,,,,,,,Display/Native,674089.0,2.0,ABM-3PD AUDIENCE,
142,,MB,,Quantcast,ABM,diwboxup0gs,,targeting-abmltafy25q1qc_us-mb_3pabm_oracle-180-ads-tru-web-who_em/fi,ABM audience consisting of MB LTA ITDMs/BDMs,,7.1M,,,180byTwo-Adstra-Trusignal-Webbula-Who2 by NetWise,,,,,,,,,,,,,,,Display/Native,,2.0,ABM-3PD AUDIENCE,
143,,MB,,Quantcast,ABM,dfrckr67a89,,targeting-abmltxfy25q1qc_us-mb_3pabm_oracle-180-ads-tru-web-who_em/fi,ABM audience consisting of MB LTX ITDMs/BDMs,,3.9M,,,180byTwo-Adstra-Trusignal-Webbula-Who2 by NetWise,,,,,,,,,,,,,,,Display/Native,,2.0,ABM-3PD AUDIENCE,
144,Convert,MB,,DV360,ABM,dveiy7dk2mw,,targeting-abmltmaxmbfy25q1dv_us-mb_3pabm_oracle-dab-eyta-dlx_em/fi,ABM audience consisting of MB LTM ITDMs/BDMs,,4.1M,,,Dun and Bradstreet-Eyeota-Oracle DLX,,,,,,,,,,,,,,,Display/Native,674092.0,2.0,ABM-3PD AUDIENCE,
145,,MB,,DV360,ABM,dwjeen12zto,,targeting-abmltafy25q1dv_us-mb_3pabm_oracle-dab-eyta-dlx_em/fi,ABM audience consisting of MB LTA ITDMs/BDMs,,5.1M,,,Dun and Bradstreet-Eyeota-Oracle DLX,,,,,,,,,,,,,,,Display/Native,,2.0,ABM-3PD AUDIENCE,
146,,MB,,DV360,ABM,d9tqhybwwzr,,targeting-abmltxfy25q1dv_us-mb_3pabm_oracle-dab-eyta-dlx_em/fi,ABM audience consisting of MB LTX ITDMs/BDMs,,3M,,,Dun and Bradstreet-Eyeota-Oracle DLX,,,,,,,,,,,,,,,Display/Native,,2.0,ABM-3PD AUDIENCE,
147,Convert,MB,,DV360,Rtg co size,dxxi96h6jm9,,targeting-mbrtgcosize100to500_us-mb_3pofftheshelf_liveramp-dab-equ-eyta-net_fi,100-500 company size filter for RTG audience,,125.9M,,,Dun and Bradstreet-Equifax-Eyeota-Netwise,,,,,,,,,,,,,,,Display/Native,,1.95,RETARGET-3PD COM SIZE,
148,Convert,CE,,Quantcast,ABM,d16ve28p0ok,,targeting-abmltmaxcefy25q1qc_us-ce_3pabm_oracle-180-ads-tru-web-who_em/fi,ABM audience consisting of CE LTA ITDMs/BDMs,,13.6M,,,180byTwo-Adstra-Trusignal-Webbula-Who2 by NetWise,,,,,,,,,,,,,,,Display/Native,674093.0,2.0,ABM-3PD AUDIENCE,
149,,CE,,Quantcast,ABM,d565ev8yuy1,,targeting-abmltafy25q1qc_us-ce_3pabm_oracle-180-ads-tru-web-who_em/fi,ABM audience consisting of CE LTA ITDMs/BDMs,,4.5M,,,180byTwo-Adstra-Trusignal-Webbula-Who2 by NetWise,,,,,,,,,,,,,,,Display/Native,,2.0,ABM-3PD AUDIENCE,
150,,CE,,Quantcast,ABM,dto1pnd6zdx,,targeting-abmltxfy25q1qc_us-ce_3pabm_oracle-180-ads-tru-web-who_em/fi,ABM audience consisting of CE LTX ITDMs/BDMs,,5.6M,,,180byTwo-Adstra-Trusignal-Webbula-Who2 by NetWise,,,,,,,,,,,,,,,Display/Native,,2.0,ABM-3PD AUDIENCE,
151,Convert,CE,,DV360,ABM,dqeq63hfov2,,targeting-abmltmaxcefy25q1dv_us-ce_3pabm_oracle-dab-eyta-dlx_em/fi,ABM audience consisting of CE LTMAX ITDMs/BDMs,,16.8M,,,Dun and Bradstreet-Eyeota-Oracle DLX,,,,,,,,,,,,,,,Display/Native,674095.0,2.0,ABM-3PD AUDIENCE,
152,,CE,,DV360,ABM,d41gudpbsr5,,targeting-abmltafy25q1dv_us-ce_3pabm_oracle-dab-eyta-dlx_em/fi,ABM audience consisting of CE LTA ITDMs/BDMs,,4.8M,,,Dun and Bradstreet-Eyeota-Oracle DLX,,,,,,,,,,,,,,,Display/Native,,2.0,ABM-3PD AUDIENCE,
153,,CE,,DV360,ABM,dskqnq14x5l,,targeting-abmltxfy25q1dv_us-ce_3pabm_oracle-dab-eyta-dlx_em/fi,ABM audience consisting of CE LTX ITDMs/BDMs,,6.1M,,,Dun and Bradstreet-Eyeota-Oracle DLX,,,,,,,,,,,,,,,Display/Native,,2.0,ABM-3PD AUDIENCE,
154,Convert,CE,,DV360,Rtg co size,derqi6r5qds,,targeting-certgcosize500above_us-ce_3pofftheshelf_liveramp-dab-equ-eyta-net_fi,500+ company size filter for RTG audience,,219M,,,Dun and Bradstreet-Equifax-Eyeota-Netwise,,,,,,,,,,,,,,,Display/Native,,1.95,RETARGET-3PD COM SIZE,
155,Engage,MB,,Facebook,ABM,d91j6tjy6d0,,targeting-abmltambfy25q1_us-mb_2p_6sense-dab_fi,ABM audience consisting of MB LTA ITDMs/BDMs,,38274 accts,,,Dun and Bradstreet,,,,,,,,,,,,,,,Static/Video,,,ABM-2PD AUDIENCE,
156,,MB,,Facebook,ABM,d967ukiuvrl,,targeting-abmltxfy25q1_us-mb_2p_6sense-dab_fi,ABM audience consisting of MB LTX ITDMs/BDMs,,24069 accts,,,Dun and Bradstreet,,,,,,,,,,,,,,,Static/Video,,,ABM-2PD AUDIENCE,
157,Engage,MB,,Facebook,CRM,dzu5tp55fcq,,targeting-crmltambfy25q1_us-mb_1pcrm_aiqcrm-aiq_em,CRM audience consisting of Dell contacts at MB LTA accounts,,580.6k,,,,,,,,,,,,,,,,,,Static/Video,,,CRM-1PD CRM,
158,,MB,,Facebook,CRM,div7t4r3z90,,targeting-crmltxfy25q1_us-mb_1pcrm_aiqcrm-aiq_em,CRM audience consisting of Dell contacts at MB LTX accounts,,1.9M,,,,,,,,,,,,,,,,,,Static/Video,,,CRM-1PD CRM,
159,Engage,MB,,LinkedIn,ABM,d91j6tjy6d0,,targeting-abmltambfy25q1_us-mb_2p_6sense-dab_fi,ABM audience consisting of MB LTA ITDMs/BDMs,,38274 jaccts,,,Dun and Bradstreet,,,,,,,,,,,,,,,Static/Video,,,ABM-2PD AUDIENCE,
160,,MB,,LinkedIn,ABM,d967ukiuvrl,,targeting-abmltxfy25q1_us-mb_2p_6sense-dab_fi,ABM audience consisting of MB LTX ITDMs/BDMs,,24069 accts,,,Dun and Bradstreet,,,,,,,,,,,,,,,Static/Video,,,ABM-2PD AUDIENCE,
161,Engage,MB,,LinkedIn,CRM,dzu5tp55fcq,,targeting-crmltambfy25q1_us-mb_1pcrm_aiqcrm-aiq_em,CRM audience consisting of Dell contacts at MB LTA accounts,,580.6k,,,,,,,,,,,,,,,,,,Static/Video,,,CRM-1PD CRM,
162,,MB,,LinkedIn,CRM,div7t4r3z90,,targeting-crmltxfy25q1_us-mb_1pcrm_aiqcrm-aiq_em,CRM audience consisting of Dell contacts at MB LTX accounts,,1.9M,,,,,,,,,,,,,,,,,,Static/Video,,,CRM-1PD CRM,
163,Engage,CE,,Facebook,ABM,dswfw31o6uh,,targeting-abmltacefy25q1_us-ce_2p_6sense-dab_fi,ABM audience consisting of CE LTA ITDMs/BDMs,,9316 accts,,,Dun and Bradstreet,,,,,,,,,,,,,,,Static/Video,,,ABM-2PD AUDIENCE,
164,,CE,,Facebook,ABM,dkgwd9zn2iu,,targeting-abmltxfy25q1_us-ce_2p_6sense-dab_fi,ABM audience consisting of CE LTX ITDMs/BDMs,,5243 accts,,,Dun and Bradstreet,,,,,,,,,,,,,,,Static/Video,,,ABM-2PD AUDIENCE,
165,Engage,CE,,Facebook,CRM,djqwpyt2gi6,,targeting-crmltacefy25q1_us-ce_1pcrm_aiqcrm-aiq_em,CRM audience consisting of Dell contacts at CE LTA accounts,,799.6k,,,,,,,,,,,,,,,,,,Static/Video,,,CRM-1PD CRM,
166,,CE,,Facebook,CRM,dthhokliyhi,,targeting-crmltxfy25q1_us-mb_1pcrm_aiqcrm-aiq_em,CRM audience consisting of Dell contacts at CE LTX accounts,,3.8M,,,,,,,,,,,,,,,,,,Static/Video,,,CRM-1PD CRM,
167,Engage,CE,,LinkedIn,ABM,dswfw31o6uh,,targeting-abmltacefy25q1_us-ce_2p_6sense-dab_fi,ABM audience consisting of CE LTA ITDMs/BDMs,,9316 accts,,,Dun and Bradstreet,,,,,,,,,,,,,,,Static/Video,,,ABM-2PD AUDIENCE,
168,,CE,,LinkedIn,ABM,dkgwd9zn2iu,,targeting-abmltxfy25q1_us-ce_2p_6sense-dab_fi,ABM audience consisting of CE LTX ITDMs/BDMs,,5243 accts,,,Dun and Bradstreet,,,,,,,,,,,,,,,Static/Video,,,ABM-2PD AUDIENCE,
169,Engage,CE,,LinkedIn,CRM,djqwpyt2gi6,,targeting-crmltacefy25q1_us-ce_1pcrm_aiqcrm-aiq_em,CRM audience consisting of Dell contacts at CE LTA accounts,,799.6k,,,,,,,,,,,,,,,,,,Static/Video,,,CRM-1PD CRM,
170,,CE,,LinkedIn,CRM,dthhokliyhi,,targeting-crmltxfy25q1_us-mb_1pcrm_aiqcrm-aiq_em,CRM audience consisting of Dell contacts at CE LTX accounts,,3.8M,,,,,,,,,,,,,,,,,,Static/Video,,,CRM-1PD CRM,
171,Search,MB,,Google,CRM,di2ugjkrbhz,,targeting-crmmb_us-b2b-mb_1pcrm_aiqcrm-aiq_na,CRM all MB audience,,4.9M,,,,,,,,,,,,,,,,,,All,,,CRM-1PD CRM,
172,Search,CE,,Google,CRM,drvw7l0rhtj,,targeting-crmce_us-b2b-com_1pcrm_aiqcrm-aiq_na,CRM all CE audience,,9.7M,,,,,,,,,,,,,,,,,,All,,,CRM-1PD CRM,
173,Engage,MB/CE,,Quantcast,ABM,dfgbs23qpr7,,targeting-abmltacomfy25q1qc_ca-com_3pabm_oracle-bom-dab-eyta_em/fi,ABM audience consisting of MB & CE LTA/X ITDMs/BDMs,,61.8k,,,Bombora-Dun and Bradstreet-Eyeota,,,,,,,,,,,,,,,Display/Native,675180.0,2.0,ABM-3PD AUDIENCE,
174,Engage,MB/CE,,DV360,ABM,die5wt311iz,,targeting-abmltacomfy25q1dv_ca-com_3pabm_oracle-180-33a-ads-lot-tru-web-who_em/fi,ABM audience consisting of MB & CE LTA/X ITDMs/BDMs,,44.5k,,,180byTwo-33Across-Adstra-Lotame-Trusignal-Webbula-Who2 by NetWise,,,,,,,,,,,,,,,Display,675185.0,2.5,ABM-3PD AUDIENCE,
175,Engage,MB/CE,,Youtube,CRM,dikcgsb42ft,,targeting-crmltacomfy25q1yt_ca-com_1pcrm_liveramp-aiq_em,CRM audience consisting of Dell contacts at MB & CE LTA/X accounts,,41.4k,,,,,,,,,,,,,,,,,,Video,,,CRM-1PD CRM,
176,Engage,MB/CE,,TTD,ABM,d3dsp887tmc,,targeting-abmltacomfy25q1ttd_ca-com_3pabm_oracle-33a-aiq-equ-expr-lot-sht-strst-tns_em/fi,ABM audience consisting of MB & CE LTA/X ITDMs/BDMs,,78.8k,,,33Across-AnalyticsIQ-Equifax IXI-Experian-Lotame-ShareThis-Stirista-TransUnion,,,,,,,,,,,,,,,Display,675328.0,2.5,ABM-3PD AUDIENCE,
177,Engage,MB/CE,,TTD,CRM,dk5w91dgd9x,,targeting-uidtestgroupcrmlta_ca-com_1pcrm_aiqcrm-aiq_em,"CA COM Test Group UID 2.0
TTD  name: AIQ_424648_0_targeting-crmltacomfy25q1_ca-com_1pcrm_aiqcrm-aiq_em ",,2.3k,,,,,,,,,,,,,,,,,,Display,,,CRM-1PD CRM,
178,Engage,MB/CE,,TTD,CRM,de99laxgs8r,,targeting-uidcontrolgroupcrmlta_ca-com_1pcrm_aiqcrm-aiq_em,"CA COM Control Group UID 2.0
TTD name: AIQ_424648_1_targeting-crmltacomfy25q1_ca-com_1pcrm_aiqcrm-aiq_em ",,2.4k,,,,,,,,,,,,,,,,,,Display,,,CRM-1PD CRM,
179,Convert,MB/CE,,Quantcast,ABM,d5lv1036bju,,targeting-abmltmaxcomfy25q1qc_ca-com_3pabm_oracle-bom-dab-eyta_em/fi,ABM audience consisting of MB & CE LTMAX ITDMs/BDMs,,147.8k,,,Bombora-Dun and Bradstreet-Eyeota,,,,,,,,,,,,,,,Display,675183.0,2.0,ABM-3PD AUDIENCE,
180,Convert-Servers,MB/CE,,Quantcast,ABM,d8qm7lr8x3x,,targeting-abmltmaxsrvcomfy25q1qc_ca-com_3pabm_oracle-bom-dab-eyta_em/fi,ABM audience consisting of MB & CE Server LTMAX ITDMs/BDMs,,,,,Bombora-Dun and Bradstreet-Eyeota,,,,,,,,,,,,,,,Display,676418.0,2.0,ABM-3PD AUDIENCE,
181,Convert,MB/CE,,DV360,ABM,d5uurqniwrr,,targeting-abmltmaxcomfy25q1dv_ca-com_3pabm_oracle-180-33a-ads-lot-tru-web-who_em/fi,ABM audience consisting of MB & CE LTMAX ITDMs/BDMs,,145.8k,,,180byTwo-33Across-Adstra-Lotame-Trusignal-Webbula-Who2 by NetWise,,,,,,,,,,,,,,,Display,675186.0,2.5,ABM-3PD AUDIENCE,
182,Convert,MB/CE,,DV360,Rtg co size,d8t5u5eutlq,,targeting-rtgcosizecanada_ca-com_3pofftheshelf_oracle-bom-dab-eyta-lot_fi,100+ company size filter for RTG audience,,1.57B,,,Bombora-Dun and Bradstreet-Eyeota-Lotame,,,,,,,,,,,,,,,Display,674161.0,1.95,RETARGET-3PD COM SIZE,
183,Convert-Servers,MB/CE,,DV360,ABM,dyamukqlwid,,targeting-abmltmaxsrvcomfy25q1dv_ca-com_3pabm_oracle-180-33a-ads-lot-tru-web-who_em/fi,ABM audience consisting of MB & CE Server LTMAX ITDMs/BDMs,,,,,180byTwo-33Across-Adstra-Lotame-Trusignal-Webbula-Who2 by NetWise,,,,,,,,,,,,,,,Display,676419.0,2.5,ABM-3PD AUDIENCE,
184,Social,MB/CE,,LinkedIn,ABM,ddopy4qwukt,,targeting-abmltacomfy25q1_ca-com_2p_6sense-dab_em,ABM audience consisting of MB & CE LTA/X ITDMs/BDMs,,6767 accts,,,Dun and Bradstreet,,,,,,,,,,,,,,,Static/Carousel Ads/Video ,,,ABM-2PD AUDIENCE,
185,Social,MB/CE,,LinkedIn,CRM,dzc1uyvkopk,,targeting-crmltacomfy25q1_ca-com_1pcrm_aiqcrm-aiq_em,CRM audience consisting of Dell contacts at MB & CE LTA/X accounts,,326k,,,,,,,,,,,,,,,,,,Static/Carousel Ads/Video ,,,CRM-1PD CRM,
186,Social,MB/CE,,Meta,ABM,ddopy4qwukt,,targeting-abmltacomfy25q1_ca-com_2p_6sense-dab_em,ABM audience consisting of MB & CE LTA/X ITDMs/BDMs,,6767 accts,,,Dun and Bradstreet,,,,,,,,,,,,,,,Static/Carousel Ads/Video ,,,ABM-2PD AUDIENCE,
187,Social,MB/CE,,Meta,CRM,dzc1uyvkopk,,targeting-crmltacomfy25q1_ca-com_1pcrm_aiqcrm-aiq_em,CRM audience consisting of Dell contacts at MB & CE LTA/X accounts,,326k,,,,,,,,,,,,,,,,,,Static/Carousel Ads/Video ,,,CRM-1PD CRM,
