,Country,1/2/3 PD,Audience Type Category,Vehicle,Spend
0,ANDEAN,CHECK,IN MARKET-3PD BEHAVIOR,Social,536.4000000000001
1,Argentina,CHECK,IN MARKET-3PD BEHAVIOR,Social,11499.53
2,Australia,1PD  Audience,RETARGET-1PD RETARGET,Display,12746.2
3,Australia,1PD  Audience,RETARGET-1PD RETARGET,Video,3227.33
4,Australia,2PD Audience,PUBLISHER-2PD,Social,25762.28
5,Australia,3PD Audience,ABM-2PD AUDIENCE,Display,7125.58
6,Australia,3PD Audience,ABM-2PD AUDIENCE,Video,3444.34
7,Australia,3PD Audience,AFFINITY-3PD BEHAVIOR,Display,10606.93
8,Australia,3PD Audience,AFFINITY-3PD BEHAVIOR,Social,164277.69
9,Australia,3PD Audience,AFFINITY-3PD BEHAVIOR,Video,4589.21
10,Australia,3PD Audience,DMP-3PD AUDIENCE,Display,835.1999999999999
11,Australia,3PD Audience,DMP-3PD AUDIENCE,Video,324.28
12,Australia,3PD Audience,DMP-3PD LAL,Display,6345.570000000001
13,Australia,3PD Audience,DMP-3PD LAL,Video,1635.9699999999998
14,Australia,3PD Audience,IN MARKET-3PD BEHAVIOR,Display,67608.19
15,Australia,3PD Audience,IN MARKET-3PD BEHAVIOR,Social,189858.53
16,Australia,3PD Audience,IN MARKET-3PD BEHAVIOR,Video,24179.21
17,Australia,3PD Audience,SITE IN MARKET-3PD BEHAVIOR,Display,0.0
18,Australia,3PD Contextual,CATEGORY-3PD CONTEXTUAL,Display,18180.41
19,Australia,3PD Contextual,CATEGORY-3PD CONTEXTUAL,Video,5410.11
20,Australia,3PD Contextual,DOMAIN-3PD CONTEXTUAL,Display,74.19
21,Australia,3PD Contextual,DOMAIN-3PD CONTEXTUAL,Video,233.18
22,Australia,3PD Contextual,IN MARKET-3PD CONTEXTUAL,Display,532943.2
23,Australia,3PD Contextual,IN MARKET-3PD CONTEXTUAL,Social,0.0
24,Australia,3PD Contextual,KCT-3PD CONTEXTUAL,Display,4344.41
25,Australia,3PD Contextual,KCT-3PD CONTEXTUAL,Video,3221.09
26,Australia,ABM-2PD AUDIENCE,ABM-2PD AUDIENCE,Display,14136.398427
27,Australia,ABM-2PD AUDIENCE,ABM-2PD AUDIENCE,Display Mobile,1202.59293
28,Australia,ABM-2PD AUDIENCE,ABM-2PD AUDIENCE,Video,6843.195591
29,Australia,AFFINITY-3PD BEHAVIOR,AFFINITY-3PD BEHAVIOR,Display,5591.709137
30,Australia,AFFINITY-3PD BEHAVIOR,AFFINITY-3PD BEHAVIOR,Display Mobile,1334.110269
31,Australia,AFFINITY-3PD BEHAVIOR,AFFINITY-3PD BEHAVIOR,Video,10019.725339999999
32,Australia,CATEGORY-3PD CONTEXTUAL,CATEGORY-3PD CONTEXTUAL,Display,5308.031573
33,Australia,CATEGORY-3PD CONTEXTUAL,CATEGORY-3PD CONTEXTUAL,Display Mobile,1424.218361
34,Australia,CATEGORY-3PD CONTEXTUAL,CATEGORY-3PD CONTEXTUAL,Video,4635.29743
35,Australia,CHECK,ABM-2PD AUDIENCE,Email,0.0
36,Australia,CHECK,IN MARKET-3PD BEHAVIOR,Display,0.0
37,Australia,CHECK,IN MARKET-3PD BEHAVIOR,Social,286346.11
38,Australia,CHECK,IN MARKET-3PD BEHAVIOR,Video,0.0
39,Australia,DMP-3PD AUDIENCE,DMP-3PD AUDIENCE,Display,992.96
40,Australia,DMP-3PD AUDIENCE,DMP-3PD AUDIENCE,Display Mobile,79.03
41,Australia,DMP-3PD AUDIENCE,DMP-3PD AUDIENCE,Video,624.2
42,Australia,DMP-3PD LAL,DMP-3PD LAL,Display,21214.372295
43,Australia,DMP-3PD LAL,DMP-3PD LAL,Video,10107.851029
44,Australia,DOMAIN-3PD CONTEXTUAL,DOMAIN-3PD CONTEXTUAL,Display,25584.153
45,Australia,DOMAIN-3PD CONTEXTUAL,DOMAIN-3PD CONTEXTUAL,Display Mobile,0.0
46,Australia,DOMAIN-3PD CONTEXTUAL,DOMAIN-3PD CONTEXTUAL,Video,39884.131309
47,Australia,IN MARKET-3PD BEHAVIOR,IN MARKET-3PD BEHAVIOR,Display,44615.327507
48,Australia,IN MARKET-3PD BEHAVIOR,IN MARKET-3PD BEHAVIOR,Display Mobile,1027.841081
49,Australia,IN MARKET-3PD BEHAVIOR,IN MARKET-3PD BEHAVIOR,Video,24297.6207
50,Australia,IN MARKET-3PD CONTEXTUAL,IN MARKET-3PD CONTEXTUAL,Display,135246.07921555
51,Australia,IN MARKET-3PD CONTEXTUAL,IN MARKET-3PD CONTEXTUAL,Display Mobile,2056.31164
52,Australia,KCT-3PD CONTEXTUAL,KCT-3PD CONTEXTUAL,Display,1485.913722
53,Australia,KCT-3PD CONTEXTUAL,KCT-3PD CONTEXTUAL,Display Mobile,726.944162
54,Australia,KCT-3PD CONTEXTUAL,KCT-3PD CONTEXTUAL,Video,1278.448406
55,Australia,RETARGET-1PD RETARGET,RETARGET-1PD RETARGET,Display,13571.155954
56,Australia,RETARGET-1PD RETARGET,RETARGET-1PD RETARGET,Display Mobile,1461.713039
57,Australia,RETARGET-1PD RETARGET,RETARGET-1PD RETARGET,Video,5353.066597
58,Australia,SITE IN MARKET-3PD BEHAVIOR,SITE IN MARKET-3PD BEHAVIOR,Display,0.0
59,Austria,2PD Audience,ABM-2PD AUDIENCE,Display,0.0
60,Austria,2PD Audience,ABM-2PD AUDIENCE,Video,5610.0
61,Austria,2PD Audience,PUBLISHER-2PD,Social,3028.54
62,Austria,3PD Contextual,KCT-3PD CONTEXTUAL,Display,0.0
63,Austria,3PD Contextual,KCT-3PD CONTEXTUAL,Video,10055.0
64,Austria,ABM-2PD AUDIENCE,ABM-2PD AUDIENCE,Display,24500.514454800003
65,Austria,CHECK,IN MARKET-3PD BEHAVIOR,Social,1996.85
66,Austria,KCT-3PD CONTEXTUAL,KCT-3PD CONTEXTUAL,Display,0.0
67,Belgium,2PD Audience,ABM-2PD AUDIENCE,Display,0.0
68,Belgium,2PD Audience,ABM-2PD AUDIENCE,Video,5015.02
69,Belgium,2PD Audience,PUBLISHER-2PD,Social,16505.95
70,Belgium,3PD Audience,ABM-2PD AUDIENCE,Social,10662.94
71,Belgium,3PD Contextual,CATEGORY-3PD CONTEXTUAL,Display,0.0
72,Belgium,3PD Contextual,KCT-3PD CONTEXTUAL,Display,3400.06
73,Belgium,3PD Contextual,KCT-3PD CONTEXTUAL,Video,18071.0
74,Belgium,ABM-2PD AUDIENCE,ABM-2PD AUDIENCE,Display,33199.4718654
75,Belgium,CATEGORY-3PD CONTEXTUAL,CATEGORY-3PD CONTEXTUAL,Display,14999.999996999999
76,Belgium,CHECK,IN MARKET-3PD BEHAVIOR,Social,23304.64
77,Belgium,KCT-3PD CONTEXTUAL,KCT-3PD CONTEXTUAL,Display,0.0
78,Brazil,1PD  Audience,RETARGET-1PD RETARGET,Display,50653.340000000004
79,Brazil,1PD  Audience,RETARGET-1PD RETARGET,Social,463385.45
80,Brazil,2PD Audience,DMP-2PD AUDIENCE,Display,473.01
81,Brazil,3PD Audience,ABM-2PD AUDIENCE,Social,26652.62
82,Brazil,3PD Audience,IN MARKET-3PD BEHAVIOR,Social,1218918.8
83,Brazil,3PD Audience,SITE IN MARKET-3PD BEHAVIOR,Display,164316.62
84,Brazil,3PD Audience,SITE IN MARKET-3PD BEHAVIOR,Video,0.0
85,Brazil,3PD Contextual,IN MARKET-3PD CONTEXTUAL,Display,37014.13
86,Brazil,3PD Contextual,IN MARKET-3PD CONTEXTUAL,Social,122206.29
87,Brazil,3PD Contextual,IN MARKET-3PD CONTEXTUAL,Video,0.01
88,Brazil,ABM-2PD AUDIENCE,ABM-2PD AUDIENCE,Display,0.0
89,Brazil,CHECK,IN MARKET-3PD BEHAVIOR,Social,1067548.63
90,Brazil,CHECK,IN MARKET-3PD BEHAVIOR,Video,629616.0599999999
91,Brazil,IN MARKET-3PD CONTEXTUAL,IN MARKET-3PD CONTEXTUAL,Display,36974.48458
92,Brazil,IN MARKET-3PD CONTEXTUAL,IN MARKET-3PD CONTEXTUAL,Video,6808.974698999999
93,Brazil,RETARGET-1PD RETARGET,RETARGET-1PD RETARGET,Display,67187.029876474
94,Brazil,SITE IN MARKET-3PD BEHAVIOR,SITE IN MARKET-3PD BEHAVIOR,Display,64782.92859872
95,COAR,CHECK,IN MARKET-3PD BEHAVIOR,Social,1499.42
96,Canada,1PD  Audience,CRM-1PD CRM,Display,15032.67
97,Canada,1PD  Audience,LAPSED-1PD PIXEL,Display,372500.89
98,Canada,1PD  Audience,LAPSED-1PD PIXEL,Video,54003.17
99,Canada,1PD  Audience,PERSONA-1PD RETARGET,Display,14037.89
100,Canada,1PD  Audience,RETARGET-1PD RETARGET,Display,491598.61
101,Canada,1PD  Audience,RETARGET-1PD RETARGET,Social,231802.79
102,Canada,1PD  Audience,RETARGET-1PD RETARGET,Video,23885.010000000002
103,Canada,3PD Audience,ABM-2PD AUDIENCE,Display,0.0
104,Canada,3PD Audience,AFFINITY-3PD BEHAVIOR,Display,96119.66
105,Canada,3PD Audience,AFFINITY-3PD BEHAVIOR,Video,96724.03
106,Canada,3PD Audience,DMP-3PD AUDIENCE,Display,7557.6
107,Canada,3PD Audience,DMP-3PD AUDIENCE,Video,136074.67
108,Canada,3PD Audience,IN MARKET-3PD BEHAVIOR,Display,320995.4
109,Canada,3PD Audience,IN MARKET-3PD BEHAVIOR,Social,726597.14
110,Canada,3PD Audience,IN MARKET-3PD BEHAVIOR,Video,56750.69
111,Canada,3PD Audience,ROS-3PD PMP,Display,25316.68
112,Canada,3PD Audience,SITE IN MARKET-3PD BEHAVIOR,Display,33138.87
113,Canada,3PD Contextual,CATEGORY-3PD CONTEXTUAL,Display,22456.69
114,Canada,3PD Contextual,CATEGORY-3PD CONTEXTUAL,Social,91985.5
115,Canada,3PD Contextual,CATEGORY-3PD CONTEXTUAL,Video,147165.54
116,Canada,3PD Contextual,IN MARKET-3PD CONTEXTUAL,Audio,48384.44
117,Canada,3PD Contextual,IN MARKET-3PD CONTEXTUAL,Display,103198.88
118,Canada,3PD Contextual,IN MARKET-3PD CONTEXTUAL,Video,165090.03
119,Canada,ABM-2PD AUDIENCE,ABM-2PD AUDIENCE,Display,20.816942713
120,Canada,AFFINITY-3PD BEHAVIOR,AFFINITY-3PD BEHAVIOR,CTV,494.6397694
121,Canada,AFFINITY-3PD BEHAVIOR,AFFINITY-3PD BEHAVIOR,Display,184643.918744388
122,Canada,AFFINITY-3PD BEHAVIOR,AFFINITY-3PD BEHAVIOR,Video,17395.421443599
123,Canada,CATEGORY-3PD CONTEXTUAL,CATEGORY-3PD CONTEXTUAL,CTV,22134.267378999997
124,Canada,CATEGORY-3PD CONTEXTUAL,CATEGORY-3PD CONTEXTUAL,Display,37754.4210388
125,Canada,CATEGORY-3PD CONTEXTUAL,CATEGORY-3PD CONTEXTUAL,Video,137062.3714103
126,Canada,CHECK,CATEGORY-3PD CONTEXTUAL,Display,9610.4
127,Canada,CHECK,DMP-3PD AUDIENCE,Video,8011.530000000001
128,Canada,CHECK,IN MARKET-3PD BEHAVIOR,Display,0.0
129,Canada,CHECK,IN MARKET-3PD BEHAVIOR,Social,88741.11
130,Canada,CHECK,IN MARKET-3PD CONTEXTUAL,Video,0.0
131,Canada,CHECK,MEDIA-1PD MEDIA,Video,90.16
132,Canada,CRM-1PD CRM,CRM-1PD CRM,Display,119.269636455
133,Canada,DMP-3PD AUDIENCE,DMP-3PD AUDIENCE,Audio,1578.632361304
134,Canada,DMP-3PD AUDIENCE,DMP-3PD AUDIENCE,CTV,46088.8120529
135,Canada,DMP-3PD AUDIENCE,DMP-3PD AUDIENCE,Display,32549.949968612
136,Canada,DMP-3PD AUDIENCE,DMP-3PD AUDIENCE,Video,69726.855094892
137,Canada,DOMAIN-3PD CONTEXTUAL,DOMAIN-3PD CONTEXTUAL,Video,14544.468191
138,Canada,IN MARKET-3PD BEHAVIOR,IN MARKET-3PD BEHAVIOR,CTV,69955.97559718
139,Canada,IN MARKET-3PD BEHAVIOR,IN MARKET-3PD BEHAVIOR,Display,629625.504397214
140,Canada,IN MARKET-3PD BEHAVIOR,IN MARKET-3PD BEHAVIOR,Display Mobile,75447.362204729
141,Canada,IN MARKET-3PD BEHAVIOR,IN MARKET-3PD BEHAVIOR,Video,83081.04762472
142,Canada,IN MARKET-3PD CONTEXTUAL,IN MARKET-3PD CONTEXTUAL,Audio,22694.6869855
143,Canada,IN MARKET-3PD CONTEXTUAL,IN MARKET-3PD CONTEXTUAL,CTV,20798.8766242
144,Canada,IN MARKET-3PD CONTEXTUAL,IN MARKET-3PD CONTEXTUAL,Display,35158.0068314
145,Canada,IN MARKET-3PD CONTEXTUAL,IN MARKET-3PD CONTEXTUAL,Display Mobile,138703.01210744
146,Canada,IN MARKET-3PD CONTEXTUAL,IN MARKET-3PD CONTEXTUAL,Video,780.7174831699999
147,Canada,LAPSED-1PD PIXEL,LAPSED-1PD PIXEL,CTV,14432.951789499999
148,Canada,LAPSED-1PD PIXEL,LAPSED-1PD PIXEL,Display,526980.073845698
149,Canada,LAPSED-1PD PIXEL,LAPSED-1PD PIXEL,Display Mobile,4805.82414624
150,Canada,LAPSED-1PD PIXEL,LAPSED-1PD PIXEL,Video,36763.654366
151,Canada,MEDIA-1PD MEDIA,MEDIA-1PD MEDIA,Video,1425.7230069
152,Canada,PERSONA-1PD RETARGET,PERSONA-1PD RETARGET,Display,8752.6349111
153,Canada,RETARGET-1PD RETARGET,RETARGET-1PD RETARGET,CTV,2184.3328556
154,Canada,RETARGET-1PD RETARGET,RETARGET-1PD RETARGET,Display,276748.42566681
155,Canada,RETARGET-1PD RETARGET,RETARGET-1PD RETARGET,Display Mobile,90111.260863938
156,Canada,RETARGET-1PD RETARGET,RETARGET-1PD RETARGET,Video,25606.78792021
157,Canada,ROS-3PD PMP,ROS-3PD PMP,Display,19115.648306
158,Canada,SITE IN MARKET-3PD BEHAVIOR,SITE IN MARKET-3PD BEHAVIOR,Display,23664.66455365
159,Colombia,CHECK,IN MARKET-3PD BEHAVIOR,Social,11478.39
160,France,1PD  Audience,EMAIL-1PD CRM,Display,0.0
161,France,1PD  Audience,RETARGET-1PD RETARGET,Display,13434.1
162,France,2PD Audience,ABM-2PD AUDIENCE,Display,52982.68
163,France,2PD Audience,ABM-2PD AUDIENCE,Video,26094.99
164,France,2PD Audience,DMP-2PD AUDIENCE,Display,12981.39
165,France,2PD Audience,PUBLISHER-2PD,Display,16442.16
166,France,2PD Audience,PUBLISHER-2PD,Social,848949.04
167,France,3PD Audience,ABM-2PD AUDIENCE,Social,43889.35
168,France,3PD Audience,AFFINITY-3PD BEHAVIOR,Display,139711.07
169,France,3PD Audience,DIGITAL-3PD RETARGET EXPOSED,Display,3983.58
170,France,3PD Audience,DMP-3PD AUDIENCE,Display,55322.46
171,France,3PD Audience,DMP-3PD LAL,Display,30716.210000000003
172,France,3PD Audience,IN MARKET-3PD BEHAVIOR,Display,107007.9
173,France,3PD Contextual,KCT-3PD CONTEXTUAL,Display,102311.02
174,France,3PD Contextual,KCT-3PD CONTEXTUAL,Video,0.0
175,France,3PD Contextual,PROXIMITY-3PD CONTEXTUAL,Display,41787.15
176,France,ABM-2PD AUDIENCE,ABM-2PD AUDIENCE,Display,198585.19929735
177,France,AFFINITY-3PD BEHAVIOR,AFFINITY-3PD BEHAVIOR,Display,12104.2045067
178,France,AFFINITY-3PD BEHAVIOR,AFFINITY-3PD BEHAVIOR,Display Mobile,13771.2797073
179,France,AFFINITY-3PD BEHAVIOR,AFFINITY-3PD BEHAVIOR,Video,0.0
180,France,CHECK,ABM-2PD AUDIENCE,Display,0.0
181,France,CHECK,ABM-2PD AUDIENCE,Video,0.0
182,France,CHECK,IN MARKET-3PD BEHAVIOR,Social,29815.5
183,France,DIGITAL-3PD RETARGET EXPOSED,DIGITAL-3PD RETARGET EXPOSED,Display,1812.3419999999999
184,France,DMP-2PD AUDIENCE,DMP-2PD AUDIENCE,Display,4699.966548022
185,France,DMP-3PD AUDIENCE,DMP-3PD AUDIENCE,Display,0.0
186,France,DMP-3PD LAL,DMP-3PD LAL,Display,6331.928533301
187,France,IN MARKET-3PD BEHAVIOR,IN MARKET-3PD BEHAVIOR,Display,0.0
188,France,IN MARKET-3PD BEHAVIOR,IN MARKET-3PD BEHAVIOR,Display Mobile,0.0
189,France,KCT-3PD CONTEXTUAL,KCT-3PD CONTEXTUAL,Display,90487.21115292101
190,France,PROXIMITY-3PD CONTEXTUAL,PROXIMITY-3PD CONTEXTUAL,Display,0.0
191,France,RETARGET-1PD RETARGET,RETARGET-1PD RETARGET,Display,38115.63095272
192,Germany,1PD  Audience,RETARGET-1PD RETARGET,Display,43262.43
193,Germany,2PD Audience,ABM-2PD AUDIENCE,Display,68936.5
194,Germany,2PD Audience,ABM-2PD AUDIENCE,Video,63197.61
195,Germany,2PD Audience,DMP-2PD AUDIENCE,Display,14883.27
196,Germany,2PD Audience,PUBLISHER-2PD,Social,823941.5700000001
197,Germany,3PD Audience,ABM-2PD AUDIENCE,Social,31640.56
198,Germany,3PD Audience,AFFINITY-3PD BEHAVIOR,Display,110771.89
199,Germany,3PD Audience,DIGITAL-3PD RETARGET EXPOSED,Display,3813.33
200,Germany,3PD Audience,DMP-3PD AUDIENCE,Audio,0.0
201,Germany,3PD Audience,DMP-3PD AUDIENCE,Display,280593.65
202,Germany,3PD Audience,DMP-3PD AUDIENCE,Video,30434.53
203,Germany,3PD Audience,DMP-3PD LAL,Display,46319.829999999994
204,Germany,3PD Contextual,CATEGORY-3PD CONTEXTUAL,Display,0.0
205,Germany,3PD Contextual,IN MARKET-3PD CONTEXTUAL,Display,0.0
206,Germany,3PD Contextual,IN MARKET-3PD CONTEXTUAL,Video,266840.42
207,Germany,3PD Contextual,KCT-3PD CONTEXTUAL,Display,136131.68
208,Germany,3PD Contextual,KCT-3PD CONTEXTUAL,Video,0.0
209,Germany,ABM-2PD AUDIENCE,ABM-2PD AUDIENCE,Display,191528.3889309
210,Germany,AFFINITY-3PD BEHAVIOR,AFFINITY-3PD BEHAVIOR,Display,193616.40588
211,Germany,AFFINITY-3PD BEHAVIOR,AFFINITY-3PD BEHAVIOR,Video,163246.0796
212,Germany,CATEGORY-3PD CONTEXTUAL,CATEGORY-3PD CONTEXTUAL,Display,67718.3111598
213,Germany,CHECK,ABM-2PD AUDIENCE,Display,0.0
214,Germany,CHECK,ABM-2PD AUDIENCE,Video,0.0
215,Germany,CHECK,IN MARKET-3PD BEHAVIOR,Social,33378.729999999996
216,Germany,DIGITAL-3PD RETARGET EXPOSED,DIGITAL-3PD RETARGET EXPOSED,Display,1474.37
217,Germany,DMP-2PD AUDIENCE,DMP-2PD AUDIENCE,Display,8000.0896410099995
218,Germany,DMP-3PD AUDIENCE,DMP-3PD AUDIENCE,Display,231036.801090007
219,Germany,DMP-3PD AUDIENCE,DMP-3PD AUDIENCE,Video,0.0
220,Germany,KCT-3PD CONTEXTUAL,KCT-3PD CONTEXTUAL,Display,108914.77109185
221,Germany,Other / NON DMP Audience,SPONSORSHIP,Social,0.0
222,Germany,RETARGET-1PD RETARGET,RETARGET-1PD RETARGET,Display,72217.40092997
223,India,1PD  Audience,RETARGET-1PD RETARGET,Display,25424.86
224,India,1PD  Audience,RETARGET-1PD RETARGET,Video,1574.78
225,India,2PD Audience,PUBLISHER-2PD,Social,21248.32
226,India,3PD Audience,ABM-2PD AUDIENCE,Display,7405.2300000000005
227,India,3PD Audience,ABM-2PD AUDIENCE,Video,3003.44
228,India,3PD Audience,AFFINITY-3PD BEHAVIOR,CTV,0.0
229,India,3PD Audience,AFFINITY-3PD BEHAVIOR,Display,5701.96
230,India,3PD Audience,AFFINITY-3PD BEHAVIOR,Video,3910.73
231,India,3PD Audience,DMP-3PD AUDIENCE,CTV,0.0
232,India,3PD Audience,DMP-3PD AUDIENCE,Display,52164.34
233,India,3PD Audience,DMP-3PD AUDIENCE,Video,878.44
234,India,3PD Audience,DMP-3PD LAL,Display,129.05
235,India,3PD Audience,DMP-3PD LAL,Video,979.31
236,India,3PD Audience,IN MARKET-3PD BEHAVIOR,Display,51576.21
237,India,3PD Audience,IN MARKET-3PD BEHAVIOR,Video,20567.1
238,India,3PD Contextual,CATEGORY-3PD CONTEXTUAL,Display,13363.85
239,India,3PD Contextual,CATEGORY-3PD CONTEXTUAL,Video,6107.360000000001
240,India,3PD Contextual,IN MARKET-3PD CONTEXTUAL,Display,0.0
241,India,3PD Contextual,IN MARKET-3PD CONTEXTUAL,Video,0.0
242,India,3PD Contextual,KCT-3PD CONTEXTUAL,Display,5973.07
243,India,3PD Contextual,KCT-3PD CONTEXTUAL,Video,2433.0
244,India,ABM-2PD AUDIENCE,ABM-2PD AUDIENCE,Display,9200.574921
245,India,ABM-2PD AUDIENCE,ABM-2PD AUDIENCE,Display Mobile,927.594152
246,India,ABM-2PD AUDIENCE,ABM-2PD AUDIENCE,Video,6197.672443
247,India,AFFINITY-3PD BEHAVIOR,AFFINITY-3PD BEHAVIOR,CTV,0.0
248,India,AFFINITY-3PD BEHAVIOR,AFFINITY-3PD BEHAVIOR,Display,10917.71910929
249,India,AFFINITY-3PD BEHAVIOR,AFFINITY-3PD BEHAVIOR,Display Mobile,1910.473522
250,India,AFFINITY-3PD BEHAVIOR,AFFINITY-3PD BEHAVIOR,Video,3874.559477
251,India,CATEGORY-3PD CONTEXTUAL,CATEGORY-3PD CONTEXTUAL,Display,3427.952024
252,India,CATEGORY-3PD CONTEXTUAL,CATEGORY-3PD CONTEXTUAL,Display Mobile,1584.325548
253,India,CATEGORY-3PD CONTEXTUAL,CATEGORY-3PD CONTEXTUAL,Video,3128.234708
254,India,CHECK,IN MARKET-3PD BEHAVIOR,Display,0.0
255,India,CHECK,IN MARKET-3PD BEHAVIOR,Social,136555.95
256,India,DMP-3PD AUDIENCE,DMP-3PD AUDIENCE,CTV,0.0
257,India,DMP-3PD AUDIENCE,DMP-3PD AUDIENCE,Display,1954.13
258,India,DMP-3PD AUDIENCE,DMP-3PD AUDIENCE,Display Mobile,42.839999999999996
259,India,DMP-3PD AUDIENCE,DMP-3PD AUDIENCE,Video,1011.05
260,India,DMP-3PD LAL,DMP-3PD LAL,Display,7.218999000000001
261,India,DMP-3PD LAL,DMP-3PD LAL,Video,769.433176
262,India,IN MARKET-3PD BEHAVIOR,IN MARKET-3PD BEHAVIOR,Display,38846.316671
263,India,IN MARKET-3PD BEHAVIOR,IN MARKET-3PD BEHAVIOR,Display Mobile,2197.930113
264,India,IN MARKET-3PD BEHAVIOR,IN MARKET-3PD BEHAVIOR,Video,22990.190424
265,India,KCT-3PD CONTEXTUAL,KCT-3PD CONTEXTUAL,Display,1558.8099359999999
266,India,KCT-3PD CONTEXTUAL,KCT-3PD CONTEXTUAL,Display Mobile,806.9277569999999
267,India,KCT-3PD CONTEXTUAL,KCT-3PD CONTEXTUAL,Video,1796.709489
268,India,RETARGET-1PD RETARGET,RETARGET-1PD RETARGET,Display,30108.703911346
269,India,RETARGET-1PD RETARGET,RETARGET-1PD RETARGET,Display Mobile,1503.317152
270,India,RETARGET-1PD RETARGET,RETARGET-1PD RETARGET,Video,3445.784642
271,India,SITE IN MARKET-3PD BEHAVIOR,SITE IN MARKET-3PD BEHAVIOR,Display,0.0
272,Ireland,2PD Audience,ABM-2PD AUDIENCE,Display,0.0
273,Ireland,2PD Audience,ABM-2PD AUDIENCE,Video,4675.0
274,Ireland,2PD Audience,PUBLISHER-2PD,Social,29104.27
275,Ireland,3PD Audience,ABM-2PD AUDIENCE,Social,17073.78
276,Ireland,3PD Contextual,CATEGORY-3PD CONTEXTUAL,Display,0.0
277,Ireland,3PD Contextual,KCT-3PD CONTEXTUAL,Display,8771.99
278,Ireland,3PD Contextual,KCT-3PD CONTEXTUAL,Video,0.0
279,Ireland,ABM-2PD AUDIENCE,ABM-2PD AUDIENCE,Display,30946.141475200002
280,Ireland,CATEGORY-3PD CONTEXTUAL,CATEGORY-3PD CONTEXTUAL,Display,20000.000001
281,Ireland,CHECK,IN MARKET-3PD BEHAVIOR,Social,6574.23
282,Ireland,KCT-3PD CONTEXTUAL,KCT-3PD CONTEXTUAL,Display,0.0
283,Italy,2PD Audience,ABM-2PD AUDIENCE,Display,0.0
284,Italy,2PD Audience,ABM-2PD AUDIENCE,Video,10030.0
285,Italy,2PD Audience,PUBLISHER-2PD,Social,27655.88
286,Italy,3PD Audience,ABM-2PD AUDIENCE,Social,17524.21
287,Italy,3PD Contextual,CATEGORY-3PD CONTEXTUAL,Display,0.0
288,Italy,3PD Contextual,KCT-3PD CONTEXTUAL,Display,3400.05
289,Italy,3PD Contextual,KCT-3PD CONTEXTUAL,Video,19975.0
290,Italy,ABM-2PD AUDIENCE,ABM-2PD AUDIENCE,Display,64581.8440644
291,Italy,CATEGORY-3PD CONTEXTUAL,CATEGORY-3PD CONTEXTUAL,Display,13000.0000029
292,Italy,CHECK,ABM-2PD AUDIENCE,Video,0.0
293,Italy,CHECK,IN MARKET-3PD BEHAVIOR,Social,10601.32
294,Italy,KCT-3PD CONTEXTUAL,KCT-3PD CONTEXTUAL,Display,7267.38237673
295,Japan,1PD  Audience,MEDIA-1PD MEDIA,Display,337990.04
296,Japan,1PD  Audience,MEDIA-1PD MEDIA,Social,0.0
297,Japan,1PD  Audience,MEDIA-1PD MEDIA,Video,383717.26
298,Japan,1PD  Audience,RETARGET-1PD RETARGET,Display,41553.87
299,Japan,1PD  Audience,RETARGET-1PD RETARGET,Video,3136.9700000000003
300,Japan,2PD Audience,PUBLISHER-2PD,Social,20135.26
301,Japan,3PD Audience,ABM-2PD AUDIENCE,Display,13806.03
302,Japan,3PD Audience,ABM-2PD AUDIENCE,Video,6574.99
303,Japan,3PD Audience,AFFINITY-3PD BEHAVIOR,Display,66754.7
304,Japan,3PD Audience,AFFINITY-3PD BEHAVIOR,Video,19081.75
305,Japan,3PD Audience,DMP-3PD AUDIENCE,Display,3821.63
306,Japan,3PD Audience,DMP-3PD AUDIENCE,Video,1149.5
307,Japan,3PD Audience,DMP-3PD LAL,Display,37.19
308,Japan,3PD Audience,DMP-3PD LAL,Video,0.0
309,Japan,3PD Audience,IN MARKET-3PD BEHAVIOR,Display,77743.44
310,Japan,3PD Audience,IN MARKET-3PD BEHAVIOR,Video,10916.92
311,Japan,3PD Audience,SITE IN MARKET-3PD BEHAVIOR,Display,0.0
312,Japan,3PD Contextual,CATEGORY-3PD CONTEXTUAL,Display,61074.8
313,Japan,3PD Contextual,CATEGORY-3PD CONTEXTUAL,Video,12656.95
314,Japan,3PD Contextual,DOMAIN-3PD CONTEXTUAL,Display,0.0
315,Japan,3PD Contextual,DOMAIN-3PD CONTEXTUAL,Video,1065.79
316,Japan,3PD Contextual,KCT-3PD CONTEXTUAL,Display,4426.28
317,Japan,3PD Contextual,KCT-3PD CONTEXTUAL,Video,912.89
318,Japan,ABM-2PD AUDIENCE,ABM-2PD AUDIENCE,Display,18090.943669
319,Japan,ABM-2PD AUDIENCE,ABM-2PD AUDIENCE,Display Mobile,1711.690451
320,Japan,ABM-2PD AUDIENCE,ABM-2PD AUDIENCE,Video,9787.361396
321,Japan,AFFINITY-3PD BEHAVIOR,AFFINITY-3PD BEHAVIOR,Display,9769.219213
322,Japan,AFFINITY-3PD BEHAVIOR,AFFINITY-3PD BEHAVIOR,Display Mobile,7507.507498
323,Japan,AFFINITY-3PD BEHAVIOR,AFFINITY-3PD BEHAVIOR,Video,15566.970854
324,Japan,CATEGORY-3PD CONTEXTUAL,CATEGORY-3PD CONTEXTUAL,Display,19138.224554
325,Japan,CATEGORY-3PD CONTEXTUAL,CATEGORY-3PD CONTEXTUAL,Display Mobile,2876.9298870000002
326,Japan,CATEGORY-3PD CONTEXTUAL,CATEGORY-3PD CONTEXTUAL,Video,8596.603132
327,Japan,CHECK,IN MARKET-3PD BEHAVIOR,Display,0.0
328,Japan,CHECK,IN MARKET-3PD BEHAVIOR,Video,2497.38
329,Japan,DMP-3PD AUDIENCE,DMP-3PD AUDIENCE,Display,5576.46
330,Japan,DMP-3PD AUDIENCE,DMP-3PD AUDIENCE,Display Mobile,293.83
331,Japan,DMP-3PD AUDIENCE,DMP-3PD AUDIENCE,Video,1131.35
332,Japan,DMP-3PD LAL,DMP-3PD LAL,Display,5.462419000000001
333,Japan,DOMAIN-3PD CONTEXTUAL,DOMAIN-3PD CONTEXTUAL,Video,757.672864
334,Japan,IN MARKET-3PD BEHAVIOR,IN MARKET-3PD BEHAVIOR,Display,59203.525209
335,Japan,IN MARKET-3PD BEHAVIOR,IN MARKET-3PD BEHAVIOR,Display Mobile,2936.319863
336,Japan,IN MARKET-3PD BEHAVIOR,IN MARKET-3PD BEHAVIOR,Video,18242.488585
337,Japan,KCT-3PD CONTEXTUAL,KCT-3PD CONTEXTUAL,Display,625.921071
338,Japan,KCT-3PD CONTEXTUAL,KCT-3PD CONTEXTUAL,Display Mobile,134.777898
339,Japan,KCT-3PD CONTEXTUAL,KCT-3PD CONTEXTUAL,Video,341.711049
340,Japan,MEDIA-1PD MEDIA,MEDIA-1PD MEDIA,CTV,0.0
341,Japan,MEDIA-1PD MEDIA,MEDIA-1PD MEDIA,Display,400897.673651184
342,Japan,MEDIA-1PD MEDIA,MEDIA-1PD MEDIA,Video,525316.643224
343,Japan,RETARGET-1PD RETARGET,RETARGET-1PD RETARGET,Display,19689.399107
344,Japan,RETARGET-1PD RETARGET,RETARGET-1PD RETARGET,Display Mobile,1821.638623
345,Japan,RETARGET-1PD RETARGET,RETARGET-1PD RETARGET,Video,5177.861318
346,Japan,SITE IN MARKET-3PD BEHAVIOR,SITE IN MARKET-3PD BEHAVIOR,Display,0.0
347,Korea,ABM-2PD AUDIENCE,ABM-2PD AUDIENCE,Display,6331.672767
348,Korea,ABM-2PD AUDIENCE,ABM-2PD AUDIENCE,Display Mobile,422.075496
349,Korea,ABM-2PD AUDIENCE,ABM-2PD AUDIENCE,Video,1733.426957
350,Korea,AFFINITY-3PD BEHAVIOR,AFFINITY-3PD BEHAVIOR,Display,19846.027226000002
351,Korea,AFFINITY-3PD BEHAVIOR,AFFINITY-3PD BEHAVIOR,Display Mobile,3047.86173
352,Korea,AFFINITY-3PD BEHAVIOR,AFFINITY-3PD BEHAVIOR,Video,10506.787137
353,Korea,CATEGORY-3PD CONTEXTUAL,CATEGORY-3PD CONTEXTUAL,Display,8950.887669
354,Korea,CATEGORY-3PD CONTEXTUAL,CATEGORY-3PD CONTEXTUAL,Display Mobile,2202.200851
355,Korea,CATEGORY-3PD CONTEXTUAL,CATEGORY-3PD CONTEXTUAL,Video,3373.998143
356,Korea,DMP-3PD AUDIENCE,DMP-3PD AUDIENCE,Display,1103.35
357,Korea,DMP-3PD AUDIENCE,DMP-3PD AUDIENCE,Display Mobile,0.0
358,Korea,DMP-3PD AUDIENCE,DMP-3PD AUDIENCE,Video,387.13
359,Korea,DOMAIN-3PD CONTEXTUAL,DOMAIN-3PD CONTEXTUAL,Display,0.0
360,Korea,IN MARKET-3PD BEHAVIOR,IN MARKET-3PD BEHAVIOR,Display,23515.38795
361,Korea,IN MARKET-3PD BEHAVIOR,IN MARKET-3PD BEHAVIOR,Display Mobile,3733.486564
362,Korea,IN MARKET-3PD BEHAVIOR,IN MARKET-3PD BEHAVIOR,Video,16943.03291
363,Korea,KCT-3PD CONTEXTUAL,KCT-3PD CONTEXTUAL,Display,619.441175
364,Korea,KCT-3PD CONTEXTUAL,KCT-3PD CONTEXTUAL,Display Mobile,163.139596
365,Korea,KCT-3PD CONTEXTUAL,KCT-3PD CONTEXTUAL,Video,247.402052
366,Korea,RETARGET-1PD RETARGET,RETARGET-1PD RETARGET,Display,3971.918714
367,Korea,RETARGET-1PD RETARGET,RETARGET-1PD RETARGET,Display Mobile,359.810707
368,Korea,RETARGET-1PD RETARGET,RETARGET-1PD RETARGET,Video,1754.455931
369,Korea,SITE IN MARKET-3PD BEHAVIOR,SITE IN MARKET-3PD BEHAVIOR,Display,0.0
370,Luxembourg,2PD Audience,PUBLISHER-2PD,Social,12923.65
371,Luxembourg,CHECK,IN MARKET-3PD BEHAVIOR,Social,853.95
372,MCLA,3PD Audience,ABM-2PD AUDIENCE,Social,7716.889999999999
373,MCLA,CHECK,IN MARKET-3PD BEHAVIOR,Social,54762.07
374,Malaysia,1PD  Audience,RETARGET-1PD RETARGET,Display,0.0
375,Malaysia,3PD Contextual,IN MARKET-3PD CONTEXTUAL,Display,25904.22
376,Malaysia,3PD Contextual,IN MARKET-3PD CONTEXTUAL,Social,59426.53999999999
377,Malaysia,CHECK,ABM-2PD AUDIENCE,Email,0.0
378,Malaysia,CHECK,IN MARKET-3PD BEHAVIOR,Social,11217.85
379,Malaysia,DOMAIN-3PD CONTEXTUAL,DOMAIN-3PD CONTEXTUAL,Display,8935.687491
380,Malaysia,IN MARKET-3PD CONTEXTUAL,IN MARKET-3PD CONTEXTUAL,Display,12128.323295123
381,Mexico,3PD Audience,ABM-2PD AUDIENCE,Social,70811.68
382,Mexico,3PD Contextual,IN MARKET-3PD CONTEXTUAL,Display,36300.26
383,Mexico,ABM-2PD AUDIENCE,ABM-2PD AUDIENCE,Display,0.0
384,Mexico,CHECK,IN MARKET-3PD BEHAVIOR,Social,144281.71
385,Mexico,IN MARKET-3PD CONTEXTUAL,IN MARKET-3PD CONTEXTUAL,Display,32236.758829
386,Netherlands,1PD  Audience,EMAIL-1PD CRM,Display,0.0
387,Netherlands,1PD  Audience,RETARGET-1PD RETARGET,Display,12596.3
388,Netherlands,2PD Audience,ABM-2PD AUDIENCE,Display,0.0
389,Netherlands,2PD Audience,ABM-2PD AUDIENCE,Video,4173.5
390,Netherlands,2PD Audience,PUBLISHER-2PD,Social,87105.91
391,Netherlands,3PD Audience,ABM-2PD AUDIENCE,Social,26432.16
392,Netherlands,3PD Audience,AFFINITY-3PD BEHAVIOR,Display,0.0
393,Netherlands,3PD Audience,IN MARKET-3PD BEHAVIOR,Display,55579.95
394,Netherlands,3PD Audience,SITE IN MARKET-3PD BEHAVIOR,Display,0.0
395,Netherlands,3PD Contextual,CATEGORY-3PD CONTEXTUAL,Display,0.0
396,Netherlands,3PD Contextual,KCT-3PD CONTEXTUAL,Display,54145.09
397,Netherlands,3PD Contextual,KCT-3PD CONTEXTUAL,Video,10625.0
398,Netherlands,ABM-2PD AUDIENCE,ABM-2PD AUDIENCE,Display,85049.84902381
399,Netherlands,AFFINITY-3PD BEHAVIOR,AFFINITY-3PD BEHAVIOR,Display,73173.45805
400,Netherlands,CATEGORY-3PD CONTEXTUAL,CATEGORY-3PD CONTEXTUAL,Display,19500.000002
401,Netherlands,CHECK,ABM-2PD AUDIENCE,Video,0.0
402,Netherlands,CHECK,IN MARKET-3PD BEHAVIOR,Social,7703.93
403,Netherlands,EMAIL-1PD CRM,EMAIL-1PD CRM,Email,0.0
404,Netherlands,KCT-3PD CONTEXTUAL,KCT-3PD CONTEXTUAL,Display,51946.84814737
405,Netherlands,RETARGET-1PD RETARGET,RETARGET-1PD RETARGET,Display,20547.7209773
406,New Zealand,CHECK,ABM-2PD AUDIENCE,Email,0.0
407,Norway,2PD Audience,PUBLISHER-2PD,Social,9787.25
408,Norway,3PD Contextual,KCT-3PD CONTEXTUAL,Display,0.0
409,Norway,KCT-3PD CONTEXTUAL,KCT-3PD CONTEXTUAL,Display,0.0
410,Portugal,3PD Contextual,KCT-3PD CONTEXTUAL,Display,8772.0
411,SOCO,CHECK,IN MARKET-3PD BEHAVIOR,Social,1386.41
412,Singapore,1PD  Audience,RETARGET-1PD RETARGET,Display,8997.41
413,Singapore,1PD  Audience,RETARGET-1PD RETARGET,Video,1950.8799999999999
414,Singapore,2PD Audience,PUBLISHER-2PD,Social,25972.21
415,Singapore,3PD Audience,ABM-2PD AUDIENCE,Display,1497.91
416,Singapore,3PD Audience,ABM-2PD AUDIENCE,Video,400.75
417,Singapore,3PD Audience,AFFINITY-3PD BEHAVIOR,Display,13271.24
418,Singapore,3PD Audience,AFFINITY-3PD BEHAVIOR,Video,3186.67
419,Singapore,3PD Audience,DMP-3PD AUDIENCE,Display,1739.24
420,Singapore,3PD Audience,DMP-3PD AUDIENCE,Video,764.46
421,Singapore,3PD Audience,DMP-3PD LAL,Display,0.0
422,Singapore,3PD Audience,DMP-3PD LAL,Video,0.18
423,Singapore,3PD Audience,IN MARKET-3PD BEHAVIOR,Display,18071.69
424,Singapore,3PD Audience,IN MARKET-3PD BEHAVIOR,Video,8293.98
425,Singapore,3PD Audience,SITE IN MARKET-3PD BEHAVIOR,Display,0.0
426,Singapore,3PD Contextual,CATEGORY-3PD CONTEXTUAL,Display,12348.09
427,Singapore,3PD Contextual,CATEGORY-3PD CONTEXTUAL,Video,8846.78
428,Singapore,3PD Contextual,IN MARKET-3PD CONTEXTUAL,Display,80961.8
429,Singapore,3PD Contextual,IN MARKET-3PD CONTEXTUAL,Social,1337.23
430,Singapore,3PD Contextual,KCT-3PD CONTEXTUAL,Display,4281.86
431,Singapore,3PD Contextual,KCT-3PD CONTEXTUAL,Video,1893.4
432,Singapore,ABM-2PD AUDIENCE,ABM-2PD AUDIENCE,Display,8229.334579999999
433,Singapore,ABM-2PD AUDIENCE,ABM-2PD AUDIENCE,Display Mobile,819.236257
434,Singapore,ABM-2PD AUDIENCE,ABM-2PD AUDIENCE,Video,4135.276917
435,Singapore,AFFINITY-3PD BEHAVIOR,AFFINITY-3PD BEHAVIOR,Display,4878.215572
436,Singapore,AFFINITY-3PD BEHAVIOR,AFFINITY-3PD BEHAVIOR,Display Mobile,1094.471831
437,Singapore,AFFINITY-3PD BEHAVIOR,AFFINITY-3PD BEHAVIOR,Video,5013.494477
438,Singapore,CATEGORY-3PD CONTEXTUAL,CATEGORY-3PD CONTEXTUAL,Display,5688.826997
439,Singapore,CATEGORY-3PD CONTEXTUAL,CATEGORY-3PD CONTEXTUAL,Display Mobile,751.759051
440,Singapore,CATEGORY-3PD CONTEXTUAL,CATEGORY-3PD CONTEXTUAL,Video,3372.973384
441,Singapore,CHECK,ABM-2PD AUDIENCE,Email,0.0
442,Singapore,CHECK,IN MARKET-3PD BEHAVIOR,Social,124438.5
443,Singapore,DMP-3PD AUDIENCE,DMP-3PD AUDIENCE,Display,0.0
444,Singapore,DMP-3PD AUDIENCE,DMP-3PD AUDIENCE,Display Mobile,0.0
445,Singapore,DMP-3PD LAL,DMP-3PD LAL,Display,1.5081529999999999
446,Singapore,DMP-3PD LAL,DMP-3PD LAL,Video,196.101555
447,Singapore,IN MARKET-3PD BEHAVIOR,IN MARKET-3PD BEHAVIOR,Display,41074.237334
448,Singapore,IN MARKET-3PD BEHAVIOR,IN MARKET-3PD BEHAVIOR,Display Mobile,2051.195651
449,Singapore,IN MARKET-3PD BEHAVIOR,IN MARKET-3PD BEHAVIOR,Video,23094.677574
450,Singapore,IN MARKET-3PD CONTEXTUAL,IN MARKET-3PD CONTEXTUAL,Display,44108.19376832
451,Singapore,KCT-3PD CONTEXTUAL,KCT-3PD CONTEXTUAL,Display,801.6079830000001
452,Singapore,KCT-3PD CONTEXTUAL,KCT-3PD CONTEXTUAL,Display Mobile,468.562744
453,Singapore,KCT-3PD CONTEXTUAL,KCT-3PD CONTEXTUAL,Video,989.236727
454,Singapore,RETARGET-1PD RETARGET,RETARGET-1PD RETARGET,Display,5193.688593
455,Singapore,RETARGET-1PD RETARGET,RETARGET-1PD RETARGET,Display Mobile,904.79399
456,Singapore,RETARGET-1PD RETARGET,RETARGET-1PD RETARGET,Video,3189.010255
457,Singapore,SITE IN MARKET-3PD BEHAVIOR,SITE IN MARKET-3PD BEHAVIOR,Display,0.0
458,South Africa,2PD Audience,ABM-2PD AUDIENCE,Display,0.0
459,South Africa,2PD Audience,ABM-2PD AUDIENCE,Video,0.0
460,South Africa,2PD Audience,PUBLISHER-2PD,Social,29750.55
461,South Africa,ABM-2PD AUDIENCE,ABM-2PD AUDIENCE,Display,3482.467343
462,South Korea,1PD  Audience,RETARGET-1PD RETARGET,Display,8957.1
463,South Korea,1PD  Audience,RETARGET-1PD RETARGET,Video,1552.02
464,South Korea,2PD Audience,PUBLISHER-2PD,Social,10540.21
465,South Korea,3PD Audience,ABM-2PD AUDIENCE,Display,6705.22
466,South Korea,3PD Audience,ABM-2PD AUDIENCE,Video,1276.27
467,South Korea,3PD Audience,AFFINITY-3PD BEHAVIOR,Display,31719.17
468,South Korea,3PD Audience,AFFINITY-3PD BEHAVIOR,Video,8080.969999999999
469,South Korea,3PD Audience,DMP-3PD AUDIENCE,Display,2609.26
470,South Korea,3PD Audience,DMP-3PD AUDIENCE,Video,724.49
471,South Korea,3PD Audience,DMP-3PD LAL,Display,0.0
472,South Korea,3PD Audience,DMP-3PD LAL,Video,0.0
473,South Korea,3PD Audience,IN MARKET-3PD BEHAVIOR,Display,58379.63
474,South Korea,3PD Audience,IN MARKET-3PD BEHAVIOR,Video,16102.92
475,South Korea,3PD Audience,SITE IN MARKET-3PD BEHAVIOR,Display,0.0
476,South Korea,3PD Contextual,CATEGORY-3PD CONTEXTUAL,Display,20403.04
477,South Korea,3PD Contextual,CATEGORY-3PD CONTEXTUAL,Video,10361.17
478,South Korea,3PD Contextual,DOMAIN-3PD CONTEXTUAL,Display,863.91
479,South Korea,3PD Contextual,KCT-3PD CONTEXTUAL,Display,2081.22
480,South Korea,3PD Contextual,KCT-3PD CONTEXTUAL,Video,1043.97
481,South Korea,CHECK,IN MARKET-3PD BEHAVIOR,Display,0.0
482,South Korea,CHECK,IN MARKET-3PD BEHAVIOR,Video,1099.82
483,Spain,2PD Audience,ABM-2PD AUDIENCE,Display,0.0
484,Spain,2PD Audience,ABM-2PD AUDIENCE,Video,10030.01
485,Spain,2PD Audience,PUBLISHER-2PD,Social,18396.39
486,Spain,3PD Audience,ABM-2PD AUDIENCE,Social,16781.010000000002
487,Spain,3PD Audience,AFFINITY-3PD BEHAVIOR,Display,11635.27
488,Spain,3PD Audience,SITE IN MARKET-3PD BEHAVIOR,Display,0.0
489,Spain,3PD Contextual,CATEGORY-3PD CONTEXTUAL,Display,0.0
490,Spain,3PD Contextual,KCT-3PD CONTEXTUAL,Display,32571.97
491,Spain,3PD Contextual,KCT-3PD CONTEXTUAL,Video,20346.0
492,Spain,ABM-2PD AUDIENCE,ABM-2PD AUDIENCE,Display,69718.1745935
493,Spain,AFFINITY-3PD BEHAVIOR,AFFINITY-3PD BEHAVIOR,Display,64686.60872554
494,Spain,CATEGORY-3PD CONTEXTUAL,CATEGORY-3PD CONTEXTUAL,Display,8999.9999997
495,Spain,CHECK,IN MARKET-3PD BEHAVIOR,Social,8835.11
496,Spain,KCT-3PD CONTEXTUAL,KCT-3PD CONTEXTUAL,Display,60290.010045999996
497,Sweden,2PD Audience,ABM-2PD AUDIENCE,Display,0.0
498,Sweden,2PD Audience,ABM-2PD AUDIENCE,Video,8584.99
499,Sweden,2PD Audience,PUBLISHER-2PD,Social,118523.11
500,Sweden,3PD Audience,ABM-2PD AUDIENCE,Social,23357.16
501,Sweden,3PD Audience,AFFINITY-3PD BEHAVIOR,Display,0.0
502,Sweden,3PD Contextual,CATEGORY-3PD CONTEXTUAL,Display,0.0
503,Sweden,3PD Contextual,KCT-3PD CONTEXTUAL,Display,18530.18
504,Sweden,3PD Contextual,KCT-3PD CONTEXTUAL,Video,0.0
505,Sweden,ABM-2PD AUDIENCE,ABM-2PD AUDIENCE,Display,70165.632432014
506,Sweden,AFFINITY-3PD BEHAVIOR,AFFINITY-3PD BEHAVIOR,Display,8158.4591274
507,Sweden,CATEGORY-3PD CONTEXTUAL,CATEGORY-3PD CONTEXTUAL,Display,6999.9999977
508,Sweden,CHECK,IN MARKET-3PD BEHAVIOR,Social,7747.5599999999995
509,Sweden,KCT-3PD CONTEXTUAL,KCT-3PD CONTEXTUAL,Display,34455.37405838
510,Switzerland,1PD  Audience,RETARGET-1PD RETARGET,Display,6433.94
511,Switzerland,2PD Audience,ABM-2PD AUDIENCE,Display,0.0
512,Switzerland,2PD Audience,ABM-2PD AUDIENCE,Video,8584.99
513,Switzerland,2PD Audience,PUBLISHER-2PD,Social,78649.86
514,Switzerland,3PD Audience,ABM-2PD AUDIENCE,Social,16745.27
515,Switzerland,3PD Audience,AFFINITY-3PD BEHAVIOR,Display,0.0
516,Switzerland,3PD Audience,DMP-3PD AUDIENCE,Display,0.0
517,Switzerland,3PD Audience,DMP-3PD LAL,Display,16198.37
518,Switzerland,3PD Contextual,CATEGORY-3PD CONTEXTUAL,Display,0.0
519,Switzerland,3PD Contextual,KCT-3PD CONTEXTUAL,Display,27200.100000000002
520,Switzerland,3PD Contextual,KCT-3PD CONTEXTUAL,Video,10776.0
521,Switzerland,ABM-2PD AUDIENCE,ABM-2PD AUDIENCE,Display,40702.0551843
522,Switzerland,AFFINITY-3PD BEHAVIOR,AFFINITY-3PD BEHAVIOR,Display,33418.231
523,Switzerland,CATEGORY-3PD CONTEXTUAL,CATEGORY-3PD CONTEXTUAL,Display,17999.999999
524,Switzerland,CHECK,IN MARKET-3PD BEHAVIOR,Social,31939.19
525,Switzerland,DMP-3PD LAL,DMP-3PD LAL,Display,2572.246099792
526,Switzerland,KCT-3PD CONTEXTUAL,KCT-3PD CONTEXTUAL,Display,45772.509956400005
527,Switzerland,RETARGET-1PD RETARGET,RETARGET-1PD RETARGET,Display,9622.4037937
528,United Arab Emirates,2PD Audience,PUBLISHER-2PD,Social,11510.689999999999
529,United Kingdom,1PD  Audience,EMAIL-1PD CRM,Display,0.0
530,United Kingdom,1PD  Audience,LAPSED-1PD PIXEL,Display,36719.33
531,United Kingdom,1PD  Audience,MEDIA-1PD MEDIA,Display,0.0
532,United Kingdom,1PD  Audience,RETARGET-1PD RETARGET,Display,76272.71
533,United Kingdom,2PD Audience,ABM-2PD AUDIENCE,Display,102152.57
534,United Kingdom,2PD Audience,ABM-2PD AUDIENCE,Video,10200.0
535,United Kingdom,2PD Audience,DMP-2PD AUDIENCE,Display,31027.219999999998
536,United Kingdom,2PD Audience,PUBLISHER-2PD,Display,90774.01
537,United Kingdom,2PD Audience,PUBLISHER-2PD,Social,1049081.4
538,United Kingdom,3PD Audience,ABM-2PD AUDIENCE,Social,63407.0
539,United Kingdom,3PD Audience,DIGITAL-3PD RETARGET EXPOSED,Display,3405.7799999999997
540,United Kingdom,3PD Audience,DMP-3PD AUDIENCE,Display,30289.699999999997
541,United Kingdom,3PD Audience,IN MARKET-3PD BEHAVIOR,Display,97994.35
542,United Kingdom,3PD Audience,SITE IN MARKET-3PD BEHAVIOR,Display,0.0
543,United Kingdom,3PD Contextual,CATEGORY-3PD CONTEXTUAL,Display,0.0
544,United Kingdom,3PD Contextual,IN MARKET-3PD CONTEXTUAL,Display,73759.29
545,United Kingdom,3PD Contextual,KCT-3PD CONTEXTUAL,Display,133195.2
546,United Kingdom,3PD Contextual,KCT-3PD CONTEXTUAL,Video,0.0
547,United Kingdom,ABM-2PD AUDIENCE,ABM-2PD AUDIENCE,Display,222873.1107311
548,United Kingdom,CATEGORY-3PD CONTEXTUAL,CATEGORY-3PD CONTEXTUAL,Display,96611.79945442
549,United Kingdom,CATEGORY-3PD CONTEXTUAL,CATEGORY-3PD CONTEXTUAL,Video,24756.644927
550,United Kingdom,CHECK,ABM-2PD AUDIENCE,Display,0.0
551,United Kingdom,CHECK,ABM-2PD AUDIENCE,Video,0.0
552,United Kingdom,CHECK,IN MARKET-3PD BEHAVIOR,Social,21891.12
553,United Kingdom,DIGITAL-3PD RETARGET EXPOSED,DIGITAL-3PD RETARGET EXPOSED,Display,1640.1
554,United Kingdom,DMP-2PD AUDIENCE,DMP-2PD AUDIENCE,Display,7999.999999625
555,United Kingdom,IN MARKET-3PD BEHAVIOR,IN MARKET-3PD BEHAVIOR,Display,109083.0528333
556,United Kingdom,IN MARKET-3PD CONTEXTUAL,IN MARKET-3PD CONTEXTUAL,Display,94775.97761
557,United Kingdom,IN MARKET-3PD CONTEXTUAL,IN MARKET-3PD CONTEXTUAL,Display Mobile,0.0
558,United Kingdom,KCT-3PD CONTEXTUAL,KCT-3PD CONTEXTUAL,Display,85654.379563769
559,United Kingdom,LAPSED-1PD PIXEL,LAPSED-1PD PIXEL,Display,84081.69589
560,United Kingdom,PUBLISHER-2PD,PUBLISHER-2PD,Display,13259.34324
561,United Kingdom,RETARGET-1PD RETARGET,RETARGET-1PD RETARGET,Display,72311.541394752
562,United Kingdom,SITE IN MARKET-3PD BEHAVIOR,SITE IN MARKET-3PD BEHAVIOR,Display,120849.90086
563,United Kingdom,SITE IN MARKET-3PD BEHAVIOR,SITE IN MARKET-3PD BEHAVIOR,Display Mobile,15088.74906
564,United Kingdom,SITE IN MARKET-3PD BEHAVIOR,SITE IN MARKET-3PD BEHAVIOR,Video,0.0
565,United States,1PD  Audience,CRM-1PD CRM,Audio,3169.1
566,United States,1PD  Audience,CRM-1PD CRM,Display,191923.99
567,United States,1PD  Audience,CRM-1PD CRM,Lead Generation,92779.70999999999
568,United States,1PD  Audience,CRM-1PD CRM,Social,243496.28
569,United States,1PD  Audience,CRM-1PD CRM,Video,80335.05
570,United States,1PD  Audience,EMAIL-1PD CRM,Social,63920.78
571,United States,1PD  Audience,LAPSED-1PD PIXEL,Display,9525.8
572,United States,1PD  Audience,LAPSED-1PD PIXEL,Video,0.0
573,United States,1PD  Audience,MEDIA-1PD MEDIA,Display,31258.29
574,United States,1PD  Audience,MEDIA-1PD MEDIA,Video,1581665.64
575,United States,1PD  Audience,PERSONA-1PD RETARGET,Social,2331445.62
576,United States,1PD  Audience,RETARGET-1PD RETARGET,Display,4973550.46
577,United States,1PD  Audience,RETARGET-1PD RETARGET,Social,445555.7
578,United States,1PD  Audience,RETARGET-1PD RETARGET,Video,407868.4
579,United States,2PD Audience,ABM-2PD AUDIENCE,Social,87274.26
580,United States,2PD Audience,PUBLISHER-2PD,Audio,50284.03
581,United States,2PD Audience,PUBLISHER-2PD,Display,0.0
582,United States,3PD Audience,ABM-2PD AUDIENCE,Display,297914.1
583,United States,3PD Audience,AFFINITY-3PD BEHAVIOR,CTV,0.0
584,United States,3PD Audience,AFFINITY-3PD BEHAVIOR,Display,1503343.62
585,United States,3PD Audience,AFFINITY-3PD BEHAVIOR,Social,3102438.62
586,United States,3PD Audience,AFFINITY-3PD BEHAVIOR,Video,1773228.45
587,United States,3PD Audience,AUDIO-3PD RETARGET EXPOSED,Audio,326.7
588,United States,3PD Audience,CTV-3PD RETARGET EXPOSED,Audio,6177.99
589,United States,3PD Audience,CTV-3PD RETARGET EXPOSED,CTV,8394.82
590,United States,3PD Audience,CTV-3PD RETARGET EXPOSED,Video,36068.149999999994
591,United States,3PD Audience,DIGITAL-3PD RETARGET EXPOSED,Display,32063.85
592,United States,3PD Audience,DIGITAL-3PD RETARGET EXPOSED,Video,34664.520000000004
593,United States,3PD Audience,DMP-3PD AUDIENCE,Audio,240656.25
594,United States,3PD Audience,DMP-3PD AUDIENCE,CTV,89809.22
595,United States,3PD Audience,DMP-3PD AUDIENCE,Display,119963.51
596,United States,3PD Audience,DMP-3PD AUDIENCE,Video,11594786.13
597,United States,3PD Audience,DMP-3PD LAL,Display,41894.95
598,United States,3PD Audience,DMP-3PD LAL,Video,0.0
599,United States,3PD Audience,IN MARKET-3PD BEHAVIOR,Display,98036.69
600,United States,3PD Audience,IN MARKET-3PD BEHAVIOR,Social,187960.99
601,United States,3PD Audience,IN MARKET-3PD BEHAVIOR,Video,214581.1
602,United States,3PD Audience,MEDIA-3PD RETARGET EXPOSED,Display,0.0
603,United States,3PD Audience,MEDIA-3PD RETARGET EXPOSED,Lead Generation,0.0
604,United States,3PD Audience,PIXEL-3PD LAL,Display,32397.65
605,United States,3PD Audience,PIXEL-3PD LAL,Social,1030813.77
606,United States,3PD Audience,ROS-3PD PMP,Display,0.0
607,United States,3PD Audience,SITE IN MARKET-3PD BEHAVIOR,Display,158530.03
608,United States,3PD Audience,SITE IN MARKET-3PD BEHAVIOR,Video,35598.76
609,United States,3PD Audience,VIDEO-3PD RETARGET EXPOSED,Audio,5732.3
610,United States,3PD Audience,VIDEO-3PD RETARGET EXPOSED,CTV,4361.79
611,United States,3PD Contextual,CATEGORY-3PD CONTEXTUAL,Audio,436274.56
612,United States,3PD Contextual,CATEGORY-3PD CONTEXTUAL,CTV,31820.32
613,United States,3PD Contextual,CATEGORY-3PD CONTEXTUAL,Display,4733696.81
614,United States,3PD Contextual,CATEGORY-3PD CONTEXTUAL,Lead Generation,44093.94
615,United States,3PD Contextual,CATEGORY-3PD CONTEXTUAL,Social,206663.82
616,United States,3PD Contextual,CATEGORY-3PD CONTEXTUAL,Video,1824997.2
617,United States,3PD Contextual,CONQUESTING,CTV,56022.509999999995
618,United States,3PD Contextual,DOMAIN-3PD CONTEXTUAL,Display,241288.33
619,United States,3PD Contextual,DOMAIN-3PD CONTEXTUAL,Lead Generation,38651.14
620,United States,3PD Contextual,IN MARKET-3PD CONTEXTUAL,Display,50175.82
621,United States,3PD Contextual,KCT-3PD CONTEXTUAL,Display,81477.2
622,United States,3PD Contextual,KCT-3PD CONTEXTUAL,Social,1400215.1300000001
623,United States,3PD Contextual,KCT-3PD CONTEXTUAL,Video,0.0
624,United States,3PD Contextual,SITE IN MARKET-3PD BEHAVIOR,Display,0.0
625,United States,3PD Contextual,SITE IN MARKET-3PD BEHAVIOR,Video,17268.95
626,United States,ABM-2PD AUDIENCE,ABM-2PD AUDIENCE,Display,204217.151258592
627,United States,AFFINITY-3PD BEHAVIOR,AFFINITY-3PD BEHAVIOR,CTV,1067946.090014
628,United States,AFFINITY-3PD BEHAVIOR,AFFINITY-3PD BEHAVIOR,Display,1240795.837554843
629,United States,AFFINITY-3PD BEHAVIOR,AFFINITY-3PD BEHAVIOR,Display Mobile,359783.2280133
630,United States,AFFINITY-3PD BEHAVIOR,AFFINITY-3PD BEHAVIOR,Video,1798041.52036978
631,United States,AUDIO-3PD RETARGET EXPOSED,AUDIO-3PD RETARGET EXPOSED,CTV,67419.6442223
632,United States,CATEGORY-3PD CONTEXTUAL,CATEGORY-3PD CONTEXTUAL,Audio,458349.018366
633,United States,CATEGORY-3PD CONTEXTUAL,CATEGORY-3PD CONTEXTUAL,CTV,2243942.1018678
634,United States,CATEGORY-3PD CONTEXTUAL,CATEGORY-3PD CONTEXTUAL,Display,3843205.856994648
635,United States,CATEGORY-3PD CONTEXTUAL,CATEGORY-3PD CONTEXTUAL,Display Mobile,961131.957903095
636,United States,CATEGORY-3PD CONTEXTUAL,CATEGORY-3PD CONTEXTUAL,Lead Generation,40554.675
637,United States,CATEGORY-3PD CONTEXTUAL,CATEGORY-3PD CONTEXTUAL,Video,1468079.6433531
638,United States,CHECK,CATEGORY-3PD CONTEXTUAL,Display,0.0
639,United States,CHECK,IN MARKET-3PD BEHAVIOR,Lead Generation,0.0
640,United States,CHECK,IN MARKET-3PD BEHAVIOR,Social,17529.61
641,United States,CHECK,KCT-2PD CONTEXTUAL,Display,3627.74
642,United States,CHECK,RETARGET-1PD RETARGET,Display,0.0
643,United States,CONQUESTING,CONQUESTING,CTV,476913.24284
644,United States,CRM-1PD CRM,CRM-1PD CRM,Display,261323.785863308
645,United States,CRM-1PD CRM,CRM-1PD CRM,Display Mobile,125380.956495227
646,United States,CRM-1PD CRM,CRM-1PD CRM,Lead Generation,84024.7060003
647,United States,CRM-1PD CRM,CRM-1PD CRM,Video,15345.748409
648,United States,CTV-3PD RETARGET EXPOSED,CTV-3PD RETARGET EXPOSED,Audio,13899.414679
649,United States,CTV-3PD RETARGET EXPOSED,CTV-3PD RETARGET EXPOSED,CTV,81145.714834
650,United States,DIGITAL-3PD RETARGET EXPOSED,DIGITAL-3PD RETARGET EXPOSED,Display,49512.6581155
651,United States,DIGITAL-3PD RETARGET EXPOSED,DIGITAL-3PD RETARGET EXPOSED,Display Mobile,30591.361884
652,United States,DMP-3PD AUDIENCE,DMP-3PD AUDIENCE,Audio,371997.51096199
653,United States,DMP-3PD AUDIENCE,DMP-3PD AUDIENCE,CTV,576993.680945
654,United States,DMP-3PD AUDIENCE,DMP-3PD AUDIENCE,Display,381414.060876167
655,United States,DMP-3PD AUDIENCE,DMP-3PD AUDIENCE,Video,48243.53701693
656,United States,DMP-3PD LAL,DMP-3PD LAL,Display,39713.08656259
657,United States,DMP-3PD LAL,DMP-3PD LAL,Display Mobile,6525.194935
658,United States,DMP-3PD LAL,DMP-3PD LAL,Video,6419.635251
659,United States,DOMAIN-3PD CONTEXTUAL,DOMAIN-3PD CONTEXTUAL,CTV,510970.66656
660,United States,DOMAIN-3PD CONTEXTUAL,DOMAIN-3PD CONTEXTUAL,Display,370022.5699942
661,United States,DOMAIN-3PD CONTEXTUAL,DOMAIN-3PD CONTEXTUAL,Lead Generation,14350.2
662,United States,DOMAIN-3PD CONTEXTUAL,DOMAIN-3PD CONTEXTUAL,Video,79599.01999999999
663,United States,IN MARKET-3PD BEHAVIOR,IN MARKET-3PD BEHAVIOR,Display,178263.231163405
664,United States,IN MARKET-3PD BEHAVIOR,IN MARKET-3PD BEHAVIOR,Display Mobile,47628.376199
665,United States,IN MARKET-3PD BEHAVIOR,IN MARKET-3PD BEHAVIOR,Video,320148.581942
666,United States,IN MARKET-3PD CONTEXTUAL,IN MARKET-3PD CONTEXTUAL,Display,75820.781245
667,United States,IN MARKET-3PD CONTEXTUAL,IN MARKET-3PD CONTEXTUAL,Display Mobile,36237.193238001
668,United States,KCT-3PD CONTEXTUAL,KCT-3PD CONTEXTUAL,Display,100836.58078064
669,United States,KCT-3PD CONTEXTUAL,KCT-3PD CONTEXTUAL,Display Mobile,14736.303197000001
670,United States,KCT-3PD CONTEXTUAL,KCT-3PD CONTEXTUAL,Video,20548.848534
671,United States,LAPSED-1PD PIXEL,LAPSED-1PD PIXEL,Display,208.035665
672,United States,LAPSED-1PD PIXEL,LAPSED-1PD PIXEL,Display Mobile,1785.374449
673,United States,LAPSED-1PD PIXEL,LAPSED-1PD PIXEL,Video,161.147669
674,United States,Other / NON DMP Audience,KCT-SEARCH,Display,58674.2
675,United States,Other / NON DMP Audience,RON-PMP,Display,0.0
676,United States,Other / NON DMP Audience,ROS-PMP,Display,2914.61
677,United States,Other / NON DMP Audience,SPONSORSHIP,Display,179855.76
678,United States,Other / NON DMP Audience,SPONSORSHIP,Video,429580.18
679,United States,PIXEL-3PD LAL,PIXEL-3PD LAL,Display,45946.331631185
680,United States,PIXEL-3PD LAL,PIXEL-3PD LAL,Display Mobile,20848.103709
681,United States,PUBLISHER-2PD,PUBLISHER-2PD,Audio,151481.19684
682,United States,RETARGET-1PD RETARGET,RETARGET-1PD RETARGET,Display,5954993.131576122
683,United States,RETARGET-1PD RETARGET,RETARGET-1PD RETARGET,Display Mobile,713196.19465808
684,United States,RETARGET-1PD RETARGET,RETARGET-1PD RETARGET,Video,603790.3014753
685,United States,ROS-3PD PMP,ROS-3PD PMP,Display,0.0
686,United States,ROS-PMP,ROS-PMP,Display,26902.37745
687,United States,SITE IN MARKET-3PD BEHAVIOR,SITE IN MARKET-3PD BEHAVIOR,Display,112894.7276759
688,United States,SITE IN MARKET-3PD BEHAVIOR,SITE IN MARKET-3PD BEHAVIOR,Display Mobile,55167.46233103
689,United States,VIDEO-3PD RETARGET EXPOSED,VIDEO-3PD RETARGET EXPOSED,Audio,16431.985747
690,United States,VIDEO-3PD RETARGET EXPOSED,VIDEO-3PD RETARGET EXPOSED,CTV,34624.391739
691,United States,VIDEO-3PD RETARGET EXPOSED,VIDEO-3PD RETARGET EXPOSED,Video,18164.619463
