,Taxonomy,Count,Audiences,Audience_Id,lvl1,lvl2,lvl3,lvl4,lvl5,lvl6,lvl7,lvl8,DataProvider
0,"33281/*Neustar AdAdvisor Identity Planner Audiences - Business*/,4949607/*Company Size: 20-100 employees*/",5,"targeting-telecommutersandsoho_us-csbo-sb_3pofftheshelf_neustar-123-expr_fi, targeting-serverusers_us-csbo-sb_3pofftheshelf_neustar-123-180-zfd_be/im, targeting-inmarketforservers_us-csbo-sb_3pofftheshelf_neustar-180-d&b_im/in, targeting-itdmlessthan100_us-csbo-sb_3pofftheshelf_neustar-zifm_em/fi, test-telecommutersandsoho_us-csbo-sb_3pofftheshelf_neustar-123-expr_fi","46273716, 46273663, 46273662, 46273661, 46271420",33281,*Neustar AdAdvisor Identity Planner Audiences - Business*,",4949607",*Company Size: 20-100 employees*,,,,,adadvisor
1,"33466/*Neustar AdAdvisor Identity Planner Audiences - Propensity*/,4947864/*Owns Dell Computer*/",4,"targeting-dellpurchaseintent_us-csbo-con_3pofftheshelf_neustar-ada_be/im/in, targeting-dellcomputerconquesting_us-csbo-sb_3pofftheshelf_neustar-ada_fi/im, targeting-dellcomputerconquesting_us-csbo-sb_3pofftheshelf_neustar-ada-dat_fi/im, targeting-dellpurchaseintents_us-csbo-con_3pofftheshelf_neustar-123_im/in","46485037, 46475364, 46460032, 46273658",33466,*Neustar AdAdvisor Identity Planner Audiences - Propensity*,",4947864",*Owns Dell Computer*,,,,,adadvisor
2,"25752/*180byTwo_DataDirectory*/,30867475/*180byTwo from Anteriad > B2B > Company Classifications > Small Business / SMB*/",4,"targeting-smallbusinessdevelopmentmanagerconsumers_us-csbo-gseries_3pofftheshelf_neustar-180-33a_em/fi, targeting-sbdm_us-csbo-sb_3pofftheshelf_neustar-180-ads_de/im, targeting-sbdminmarketforlaptops_us-csbo-csb_3pofftheshelf_neustar-180-ada-cli_be/em/im, targeting-sbdmhighspenders_us-csbo-sb_3pofftheshelf_neustar-180-alnt_be/co/in","46460035, 46460004, 46460003, 46460002",25752,*180byTwo_DataDirectory*,",30867475",*180byTwo from Anteriad , B2B , Company Classifications , Small Business , SMB*/,180bytwo
3,"33281/*Neustar AdAdvisor Identity Planner Audiences - Business*/,4949606/*Company Size: 1-4 employees*/",4,"targeting-telecommutersandsoho_us-csbo-sb_3pofftheshelf_neustar-123-expr_fi, targeting-serverusers_us-csbo-sb_3pofftheshelf_neustar-123-180-zfd_be/im, targeting-inmarketforservers_us-csbo-sb_3pofftheshelf_neustar-180-d&b_im/in, test-telecommutersandsoho_us-csbo-sb_3pofftheshelf_neustar-123-expr_fi","46273716, 46273663, 46273662, 46271420",33281,*Neustar AdAdvisor Identity Planner Audiences - Business*,",4949606",*Company Size: 1-4 employees*,,,,,adadvisor
4,"33466/*Neustar AdAdvisor Identity Planner Audiences - Propensity*/,40451405/*Use Laptop/Notebook/Netbook for Home Automation*/",3,"targeting-sbdminmarketforlaptops_us-csbo-csb_3pofftheshelf_neustar-ada_be/em/im, targeting-sbdminmarketforlaptops_us-csbo-csb_3pofftheshelf_neustar-180-ada-cli_be/em/im, targeting-inmarketforservers_us-csbo-sb_3pofftheshelf_neustar-180-d&b_im/in","46475363, 46460003, 46273662",33466,*Neustar AdAdvisor Identity Planner Audiences - Propensity*,",40451405",*Use Laptop,Notebook,Netbook for Home Automation*,,,adadvisor
5,"33281/*Neustar AdAdvisor Identity Planner Audiences - Business*/,4949659/*Business Development*/",3,"targeting-smallbusinessdevelopmentmanagerconsumers_us-csbo-gseries_3pofftheshelf_neustar-ada_em/fi, targeting-sbdminmarketforlaptops_us-csbo-csb_3pofftheshelf_neustar-ada_be/em/im, targeting-sbdmhighspenders_us-csbo-sb_3pofftheshelf_neustar-ada_be/co/in","46475366, 46475363, 46475362",33281,*Neustar AdAdvisor Identity Planner Audiences - Business*,",4949659",*Business Development*,,,,,adadvisor
6,"12894/*Neustar AdAdvisor Consumer Audiences*/,6919420/*Demographics > Occupation > Occupation: Management/Business & Financial Operations*/",3,"targeting-sbdm_us-csbo-sb_3pofftheshelf_neustar-ada_de/im, targeting-smallbusinessdevelopmentmanagerconsumers_us-csbo-gseries_3pofftheshelf_neustar-ada_em/fi, targeting-sbdminmarketforlaptops_us-csbo-csb_3pofftheshelf_neustar-ada_be/em/im","46475336, 46475366, 46475363",12894,*Neustar AdAdvisor Consumer Audiences*,",6919420",*Demographics , Occupation , Occupation: Management,Business & Financial Operations*,,adadvisor
7,"33281/*Neustar AdAdvisor Identity Planner Audiences - Business*/,4949596/*SOHO 25- Small Office Or Home Office Businesses*/",2,"targeting-telecommutersandsoho_us-csbo-sb_3pofftheshelf_neustar-123-expr_fi, test-telecommutersandsoho_us-csbo-sb_3pofftheshelf_neustar-123-expr_fi","46273716, 46271420",33281,*Neustar AdAdvisor Identity Planner Audiences - Business*,",4949596",*SOHO 25- Small Office Or Home Office Businesses*,,,,,adadvisor
8,"12894/*Neustar AdAdvisor Consumer Audiences*/,2996468/*Education > Highest Level of Education for Head of Household > Edu: Some Graduate School*/",2,"targeting-collegegraduatesindividuals_us-csbo-con_3pofftheshelf_neustar-ada_co/de, targeting-collegegraduates_us-csbo-con_3pofftheshelf_neustar-ada_de/im","46475332, 46475330",12894,*Neustar AdAdvisor Consumer Audiences*,",2996468",*Education , Highest Level of Education for Head of Household , Edu: Some Graduate School*,,,adadvisor
9,"12894/*Neustar AdAdvisor Consumer Audiences*/,2996463/*Education > Highest Level of Education for Head of Household > Edu: College Graduate*/",2,"targeting-collegegraduatesindividuals_us-csbo-con_3pofftheshelf_neustar-ada_co/de, targeting-collegegraduates_us-csbo-con_3pofftheshelf_neustar-ada_de/im","46475332, 46475330",12894,*Neustar AdAdvisor Consumer Audiences*,",2996463",*Education , Highest Level of Education for Head of Household , Edu: College Graduate*,,,adadvisor
10,"12894/*Neustar AdAdvisor Consumer Audiences*/,44997322/*Demographics > Presence of Children > Parent of Children Over 18-Living in Another Location*/",2,"targeting-parents_us-csbo-con_3pofftheshelf_neustar-ada_im/in, targeting-parents_us-csbo-con_3pofftheshelf_neustar-180-ada-alnt_im/in","46475329, 46459856",12894,*Neustar AdAdvisor Consumer Audiences*,",44997322",*Demographics , Presence of Children , Parent of Children Over 18-Living in Another Location*,,,adadvisor
11,"25752/*180byTwo_DataDirectory*/,44579646/*180byTwo from Anteriad > B2B Intent > Technology > Servers*/",2,"targeting-serverusers_us-csbo-sb_3pofftheshelf_neustar-180_be/in, targeting-largeserver_us-csbo-sb_3pofftheshelf_neustar-180_fi/im","46460036, 46460005",25752,*180byTwo_DataDirectory*,",44579646",*180byTwo from Anteriad , B2B Intent , Technology , Servers*,,180bytwo
12,"33271/*Adstra Data Directory Taxonomy*/,12816239/*B2B_100222*/",2,"abm-na_us-mb_abm_neustar-180-ads_fi_d1rwgyoqaik, test_ABM_audience_NSR_JC_032823","46253426, 46253422",33271,*Adstra Data Directory Taxonomy*,",12816239",*B2B_100222*,,,,,
13,"33466/*Neustar AdAdvisor Identity Planner Audiences - Propensity*/,4948393/*Currently Full/Part-Time College Student*/",2,"targeting-collegestudents_us-csbo-con_3pofftheshelf_neustar-ada_de/im, targeting-collegestudents_us-csbo-con_3pofftheshelf_neustar-ada-aiq_de/im","46475365, 46460033",33466,*Neustar AdAdvisor Identity Planner Audiences - Propensity*,",4948393",*Currently Full,Part-Time College Student*,,,,adadvisor
14,"33281/*Neustar AdAdvisor Identity Planner Audiences - Business*/,4949545/*SMALL 10- Business Services*/",2,"targeting-sbdm_us-csbo-sb_3pofftheshelf_neustar-ada_de/im, targeting-smallbusinessdevelopmentmanagerconsumers_us-csbo-gseries_3pofftheshelf_neustar-ada_em/fi","46475336, 46475366",33281,*Neustar AdAdvisor Identity Planner Audiences - Business*,",4949545",*SMALL 10- Business Services*,,,,,adadvisor
15,"33466/*Neustar AdAdvisor Identity Planner Audiences - Propensity*/,4947871/*Last Computer Purchase: 2-3 Years Ago*/",2,"targeting-pcbuyer_us-csbo-con_1pcrm_neustar-ada_na, TEST - Computer Interest","46475367, 45954177",33466,*Neustar AdAdvisor Identity Planner Audiences - Propensity*,",4947871",*Last Computer Purchase: 2-3 Years Ago*,,,,,adadvisor
16,"25752/*180byTwo_DataDirectory*/,30867528/*180byTwo from Anteriad > B2B > Decision Makers > Information Technology / IT Decision Makers*/",2,"abm-na_us-mb_abm_neustar-180-ads_fi_d1rwgyoqaik, test_ABM_audience_NSR_JC_032823","46253426, 46253422",25752,*180byTwo_DataDirectory*,",30867528",*180byTwo from Anteriad , B2B , Decision Makers , Information Technology , IT Decision Makers*/,180bytwo
17,"12894/*Neustar AdAdvisor Consumer Audiences*/,2997575/*Technology & Computing > Computer Brand > Home PC-Brand HH Most Recently Acquired-Dell*/",2,"targeting-dellpurchaseintent_us-csbo-con_3pofftheshelf_neustar-ada_be/im/in, targeting-dellcomputerconquesting_us-csbo-sb_3pofftheshelf_neustar-ada_fi/im","46485037, 46475364",12894,*Neustar AdAdvisor Consumer Audiences*,",2997575",*Technology & Computing , Computer Brand , Home PC-Brand HH Most Recently Acquired-Dell*,,,adadvisor
18,"25752/*180byTwo_DataDirectory*/,30867922/*180byTwo from Anteriad > B2B > Job Seniority > C: Director*/",2,"abm-na_us-mb_abm_neustar-180-ads_fi_d1rwgyoqaik, test_ABM_audience_NSR_JC_032823","46253426, 46253422",25752,*180byTwo_DataDirectory*,",30867922",*180byTwo from Anteriad , B2B , Job Seniority , C: Director*,,180bytwo
19,"23985/*33Across Taxonomy*/,8999907/*Games*/",2,"targeting-gamingfanatics_us-csbo-gseries_3pofftheshelf_neustar-33a-msc_be/in, targeting-usgaminggamer_us-csbo-gseries_3pofftheshelf_neustar-33a-aiq_be/im/in","46460001, 46460000",23985,*33Across Taxonomy*,",8999907",*Games*,,,,,33across
20,"25752/*180byTwo_DataDirectory*/,30867945/*180byTwo from Anteriad > B2C > Demographic > Education > College Graduate Degree*/",2,"targeting-collegegraduatesindividuals_us-csbo-con_3pofftheshelf_neustar-180-ads_co/de, targeting-collegegraduates_us-csbo-con_3pofftheshelf_neustar-180-ads-alnt_de/im","46459998, 46459859",25752,*180byTwo_DataDirectory*,",30867945",*180byTwo from Anteriad , B2C , Demographic , Education , College Graduate Degree*/,180bytwo
21,"44/*US States & Canadian Provinces*/,259104/*CALIFORNIA*/",2,"CA 1, CA Ex","45974656, 45974655",44,*US States & Canadian Provinces*,",259104",*CALIFORNIA*,,,,,
22,"25752/*180byTwo_DataDirectory*/,30867923/*180byTwo from Anteriad > B2B > Job Seniority > D: Manager*/",2,"abm-na_us-mb_abm_neustar-180-ads_fi_d1rwgyoqaik, test_ABM_audience_NSR_JC_032823","46253426, 46253422",25752,*180byTwo_DataDirectory*,",30867923",*180byTwo from Anteriad , B2B , Job Seniority , D: Manager*,,180bytwo
23,"12160/*Neustar AdAdvisor - Business*/,2965410/*SMALL 8- Business Services*/",2,"targeting-smallbusinessdevelopmentmanagerconsumers_us-csbo-gseries_3pofftheshelf_neustar-ada_em/fi, targeting-sbdminmarketforlaptops_us-csbo-csb_3pofftheshelf_neustar-ada_be/em/im","46475366, 46475363",12160,*Neustar AdAdvisor - Business*,",2965410",*SMALL 8- Business Services*,,,,,adadvisor
24,"37656/*Clickagy Public Taxonomy*/,20946444/*In-Market > Electronics > Computers > Laptops*/",2,"targeting-sbdminmarketforlaptops_us-csbo-csb_3pofftheshelf_neustar-180-ada-cli_be/em/im, Test-NA-Computers and Laptops-IM_us-csbo-con_3p off-the-shelf_Neustar-Clickagy","46460003, 45957793",37656,*Clickagy Public Taxonomy*,",20946444",*In-Market , Electronics , Computers , Laptops*,,clickagy
25,"25752/*180byTwo_DataDirectory*/,30867925/*180byTwo from Anteriad > B2B > Job Seniority > B: Vice President*/",2,"abm-na_us-mb_abm_neustar-180-ads_fi_d1rwgyoqaik, test_ABM_audience_NSR_JC_032823","46253426, 46253422",25752,*180byTwo_DataDirectory*,",30867925",*180byTwo from Anteriad , B2B , Job Seniority , B: Vice President*,,180bytwo
26,"31561/*Webbula Data Directory*/,38852683/*Interest > Charitable Donations > Humanitarian*/",1,targeting-humanitarianandclimatechange_us-csbo-con_3pofftheshelf_neustar-180-web_be/ge/im/in,46459853,31561,*Webbula Data Directory*,",38852683",*Interest , Charitable Donations , Humanitarian*,,,webbula
27,"14007/*Neustar AdAdvisor - Individual Age Group*/,6942736/*25-29*/",1,targeting-yucconsumers_us-csbo-con_3pofftheshelf_neustar-#hbv-123_be/im,46273717,14007,*Neustar AdAdvisor - Individual Age Group*,",6942736",*25-29*,,,,,adadvisor
28,"25752/*180byTwo_DataDirectory*/,44580469/*180byTwo from Anteriad > B2B Intent > Energy, Construction & Manufacturing > Energy > Climate-Smart Agriculture*/",1,targeting-humanitarianandclimatechange_us-csbo-con_3pofftheshelf_neustar-180-web_be/ge/im/in,46459853,25752,*180byTwo_DataDirectory*,",44580469",*180byTwo from Anteriad , B2B Intent ," Energy, Construction & Manufacturing ", Energy , Climate-Smart Agriculture*/,180bytwo
29,"33281/*Neustar AdAdvisor Identity Planner Audiences - Business*/,4949605/*Company Size: 100-500 employees*/",1,targeting-telecommutersandsoho_us-csbo-sb_3pofftheshelf_neustar-123-expr_fi,46273716,33281,*Neustar AdAdvisor Identity Planner Audiences - Business*,",4949605",*Company Size: 100-500 employees*,,,,,adadvisor
30,"33271/*Adstra Data Directory Taxonomy*/,12815417/*CONS_100033*/",1,targeting-collegegraduates_us-csbo-con_3pofftheshelf_neustar-180-ads-alnt_de/im,46459859,33271,*Adstra Data Directory Taxonomy*,",12815417",*CONS_100033*,,,,,
31,"33466/*Neustar AdAdvisor Identity Planner Audiences - Propensity*/,40451524/*Online Access-Work-Mobile Broadband(i.e. For Tablet,Cellphone)*/",1,targeting-yucconsumers_us-csbo-con_3pofftheshelf_neustar-#hbv-123_be/im,46273717,33466,*Neustar AdAdvisor Identity Planner Audiences - Propensity*,",40451524","*Online Access-Work-Mobile Broadband(i.e. For Tablet,Cellphone)*",,,,,adadvisor
32,"26303/*Alliant DD Taxonomy*/,4931588/*Digital Purchasing Parents*/",1,targeting-parents_us-csbo-con_3pofftheshelf_neustar-180-ada-alnt_im/in,46459856,26303,*Alliant DD Taxonomy*,",4931588",*Digital Purchasing Parents*,,,,,
33,"33466/*Neustar AdAdvisor Identity Planner Audiences - Propensity*/,29074905/*I Rely On The Internet To Communicate*/",1,targeting-yucconsumers_us-csbo-con_3pofftheshelf_neustar-#hbv-123_be/im,46273717,33466,*Neustar AdAdvisor Identity Planner Audiences - Propensity*,",29074905",*I Rely On The Internet To Communicate*,,,,,adadvisor
34,"25752/*180byTwo_DataDirectory*/,30867972/*180byTwo from Anteriad > B2C > Demographic > Family > Parents*/",1,targeting-parents_us-csbo-con_3pofftheshelf_neustar-180-ada-alnt_im/in,46459856,25752,*180byTwo_DataDirectory*,",30867972",*180byTwo from Anteriad , B2C , Demographic , Family , Parents*/,180bytwo
35,"33466/*Neustar AdAdvisor Identity Planner Audiences - Propensity*/,4946619/*I Like To Have A Lot Of Gadgets*/",1,targeting-yucconsumers_us-csbo-con_3pofftheshelf_neustar-#hbv-123_be/im,46273717,33466,*Neustar AdAdvisor Identity Planner Audiences - Propensity*,",4946619",*I Like To Have A Lot Of Gadgets*,,,,,adadvisor
36,"25752/*180byTwo_DataDirectory*/,30868067/*180byTwo from Anteriad > B2C > Demographic > Generations > Gen Y / Millennials*/",1,targeting-millenials_us-csbo-con_3pofftheshelf_neustar-180-ads_be/im/in,46459855,25752,*180byTwo_DataDirectory*,",30868067",*180byTwo from Anteriad , B2C , Demographic , Generations , Gen Y / Millennials*/,180bytwo
37,"33466/*Neustar AdAdvisor Identity Planner Audiences - Propensity*/,4947508/*Frozen Complete Dinner-Marie Calendar's*/",1,targeting-yucconsumers_us-csbo-con_3pofftheshelf_neustar-#hbv-123_be/im,46273717,33466,*Neustar AdAdvisor Identity Planner Audiences - Propensity*,",4947508",*Frozen Complete Dinner-Marie Calendar's*,,,,,adadvisor
38,"14007/*Neustar AdAdvisor - Individual Age Group*/,6942737/*30-34*/",1,targeting-yucconsumers_us-csbo-con_3pofftheshelf_neustar-#hbv-123_be/im,46273717,14007,*Neustar AdAdvisor - Individual Age Group*,",6942737",*30-34*,,,,,adadvisor
39,"14007/*Neustar AdAdvisor - Individual Age Group*/,6942734/*18-19*/",1,targeting-yucconsumers_us-csbo-con_3pofftheshelf_neustar-#hbv-123_be/im,46273717,14007,*Neustar AdAdvisor - Individual Age Group*,",6942734",*18-19*,,,,,adadvisor
40,"14007/*Neustar AdAdvisor - Individual Age Group*/,6942735/*20-24*/",1,targeting-yucconsumers_us-csbo-con_3pofftheshelf_neustar-#hbv-123_be/im,46273717,14007,*Neustar AdAdvisor - Individual Age Group*,",6942735",*20-24*,,,,,adadvisor
41,"33466/*Neustar AdAdvisor Identity Planner Audiences - Propensity*/,9774509/*Likely to Buy From Company Donating to Charity*/",1,targeting-charitabledonations_us-csbo-con_3pofftheshelf_neustar-ada-ads_co/im/in,46459852,33466,*Neustar AdAdvisor Identity Planner Audiences - Propensity*,",9774509",*Likely to Buy From Company Donating to Charity*,,,,,adadvisor
42,"36/*Datonics Segments*/,45167711/*Electronics > Computers > Lenovo*/",1,targeting-competitorconquest_ca-csbo-gseries_3pofftheshelf_neustar-ada-dat_na,46447000,36,*Datonics Segments*,",45167711",*Electronics , Computers , Lenovo*,,,
43,"33271/*Adstra Data Directory Taxonomy*/,34734083/*CG_100071*/",1,targeting-charitabledonations_us-csbo-con_3pofftheshelf_neustar-ada-ads_co/im/in,46459852,33271,*Adstra Data Directory Taxonomy*,",34734083",*CG_100071*,,,,,
44,"33271/*Adstra Data Directory Taxonomy*/,12815600/*WW_100055*/",1,targeting-millenials_us-csbo-con_3pofftheshelf_neustar-180-ads_be/im/in,46459855,33271,*Adstra Data Directory Taxonomy*,",12815600",*WW_100055*,,,,,
45,"33466/*Neustar AdAdvisor Identity Planner Audiences - Propensity*/,9774572/*HH Own Any LENOVO*/",1,targeting-competitorconquest_ca-csbo-gseries_3pofftheshelf_neustar-ada-dat_na,46447000,33466,*Neustar AdAdvisor Identity Planner Audiences - Propensity*,",9774572",*HH Own Any LENOVO*,,,,,adadvisor
46,"33271/*Adstra Data Directory Taxonomy*/,12815386/*CONS_100003*/",1,targeting-genxers_us-csbo-con_3pofftheshelf_neustar-cli_be/im,46459854,33271,*Adstra Data Directory Taxonomy*,",12815386",*CONS_100003*,,,,,
47,"30646/*Clickagy Data Directory*/,20946263/*Demographics > Generation > Generation X*/",1,targeting-genxers_us-csbo-con_3pofftheshelf_neustar-cli_be/im,46459854,30646,*Clickagy Data Directory*,",20946263",*Demographics , Generation , Generation X*,,,clickagy
48,"33271/*Adstra Data Directory Taxonomy*/,12815385/*CONS_100002*/",1,targeting-millenials_us-csbo-con_3pofftheshelf_neustar-180-ads_be/im/in,46459855,33271,*Adstra Data Directory Taxonomy*,",12815385",*CONS_100002*,,,,,
49,"33466/*Neustar AdAdvisor Identity Planner Audiences - Propensity*/,29074884/*Made a Charitable Donation - Over $50 in the Last 12 Months*/",1,targeting-charitabledonations_us-csbo-con_3pofftheshelf_neustar-ada-ads_co/im/in,46459852,33466,*Neustar AdAdvisor Identity Planner Audiences - Propensity*,",29074884",*Made a Charitable Donation - Over $50 in the Last 12 Months*,,,,,adadvisor
50,"25752/*180byTwo_DataDirectory*/,30867983/*180byTwo from Anteriad > B2C > Demographic > Finances > Charitable Donors > Humanitarian Causes*/",1,targeting-humanitarianandclimatechange_us-csbo-con_3pofftheshelf_neustar-180-web_be/ge/im/in,46459853,25752,*180byTwo_DataDirectory*,",30867983",*180byTwo from Anteriad , B2C , Demographic , Finances , Charitable Donors > Humanitarian Causes*/,180bytwo
51,"33466/*Neustar AdAdvisor Identity Planner Audiences - Propensity*/,4948078/*Play Video Games Connected to Internet*/",1,targeting-gamingusers_us-csbo-gseries_3pofftheshelf_neustar-180-aiq-crp-strt_im/in,46273665,33466,*Neustar AdAdvisor Identity Planner Audiences - Propensity*,",4948078",*Play Video Games Connected to Internet*,,,,,adadvisor
52,"36/*Datonics Segments*/,45167710/*Electronics > Computers > HP*/",1,targeting-competitorconquest_ca-csbo-gseries_3pofftheshelf_neustar-ada-dat_na,46447000,36,*Datonics Segments*,",45167710",*Electronics , Computers , HP*,,,
53,"33281/*Neustar AdAdvisor Identity Planner Audiences - Business*/,4949610/*Small office or Home office Business Owners*/",1,targeting-sohoandtelecommuters_us-csbo-sb_3pofftheshelf_neustar-astrsk-expr_fi,46273664,33281,*Neustar AdAdvisor Identity Planner Audiences - Business*,",4949610",*Small office or Home office Business Owners*,,,,,adadvisor
54,"33466/*Neustar AdAdvisor Identity Planner Audiences - Propensity*/,4948081/*Plays Action/Adventure Video Games Most*/",1,targeting-gamingusers_us-csbo-gseries_3pofftheshelf_neustar-180-aiq-crp-strt_im/in,46273665,33466,*Neustar AdAdvisor Identity Planner Audiences - Propensity*,",4948081",*Plays Action,Adventure Video Games Most*,,,,adadvisor
55,"12160/*Neustar AdAdvisor - Business*/,2965207/*Company Size: 500+ employees*/",1,QC_test_JC,46094143,12160,*Neustar AdAdvisor - Business*,",2965207",*Company Size: 500+ employees*,,,,,adadvisor
56,"33466/*Neustar AdAdvisor Identity Planner Audiences - Propensity*/,4948020/*HH Subscribes to Cable TV*/",1,targeting-tvlovers_us-csbo-con_3pofftheshelf_neustar-123_be,46273657,33466,*Neustar AdAdvisor Identity Planner Audiences - Propensity*,",4948020",*HH Subscribes to Cable TV*,,,,,adadvisor
57,"33466/*Neustar AdAdvisor Identity Planner Audiences - Propensity*/,4948443/*Saw Drama Movies*/",1,targeting-tvlovers_us-csbo-con_3pofftheshelf_neustar-123_be,46273657,33466,*Neustar AdAdvisor Identity Planner Audiences - Propensity*,",4948443",*Saw Drama Movies*,,,,,adadvisor
58,"33466/*Neustar AdAdvisor Identity Planner Audiences - Propensity*/,29074797/*Watch Network TV Primetime-Comedy*/",1,targeting-tvlovers_us-csbo-con_3pofftheshelf_neustar-123_be,46273657,33466,*Neustar AdAdvisor Identity Planner Audiences - Propensity*,",29074797",*Watch Network TV Primetime-Comedy*,,,,,adadvisor
59,"33281/*Neustar AdAdvisor Identity Planner Audiences - Business*/,4949609/*Company Size: 5-19 employees*/",1,test-telecommutersandsoho_us-csbo-sb_3pofftheshelf_neustar-123-expr_fi,46271420,33281,*Neustar AdAdvisor Identity Planner Audiences - Business*,",4949609",*Company Size: 5-19 employees*,,,,,adadvisor
60,"36489/*Dell*/,46195123/*Control_dfc6vuk7tkj*/",1,control-na_us-ce_1pcrm_aiqcrm-cip_na_dfc6vuk7tkj,46199449,36489,*Dell*,",46195123",*Control_dfc6vuk7tkj*,,,,,
61,"36489/*Dell*/,46195122/*Test_dcksi8jk3dk*/",1,test-na_us-ce_1pcrm_aiqcrm-cip_na_dcksi8jk3dk,46199448,36489,*Dell*,",46195122",*Test_dcksi8jk3dk*,,,,,
62,"36489/*Dell*/,46158501/*B2B Business Unit Segment*/",1,test-ceim_us-ce_1pcrm_aiqcrm-cip_na,46167016,36489,*Dell*,",46158501",*B2B Business Unit Segment*,,,,,
63,"25752/*180byTwo_DataDirectory*/,30867516/*180byTwo from Anteriad > B2B > Decision Makers*/",1,QC_test_JC,46094143,25752,*180byTwo_DataDirectory*,",30867516",*180byTwo from Anteriad , B2B , Decision Makers*,,,180bytwo
64,"33466/*Neustar AdAdvisor Identity Planner Audiences - Propensity*/,4947845/*Uses Games Apps on Smartphone*/",1,targeting-gamingusers_us-csbo-gseries_3pofftheshelf_neustar-180-aiq-crp-strt_im/in,46273665,33466,*Neustar AdAdvisor Identity Planner Audiences - Propensity*,",4947845",*Uses Games Apps on Smartphone*,,,,,adadvisor
65,"25752/*180byTwo_DataDirectory*/,30866833/*180byTwo from Anteriad > ABM > Top Companies > IBM*/",1,test-enrique,46078986,25752,*180byTwo_DataDirectory*,",30866833",*180byTwo from Anteriad , ABM , Top Companies , IBM*,,180bytwo
66,"25752/*180byTwo_DataDirectory*/,30866846/*180byTwo from Anteriad > ABM > Top Companies > Intel*/",1,test-enrique,46078986,25752,*180byTwo_DataDirectory*,",30866846",*180byTwo from Anteriad , ABM , Top Companies , Intel*,,180bytwo
67,"37656/*Clickagy Public Taxonomy*/,20946441/*In-Market > Electronics > Computers > Desktops*/",1,Test-NA-Computers and Laptops-IM_us-csbo-con_3p off-the-shelf_Neustar-Clickagy,45957793,37656,*Clickagy Public Taxonomy*,",20946441",*In-Market , Electronics , Computers , Desktops*,,clickagy
68,"33466/*Neustar AdAdvisor Identity Planner Audiences - Propensity*/,4947862/*Owns Apple Computer*/",1,TEST - Computer Interest,45954177,33466,*Neustar AdAdvisor Identity Planner Audiences - Propensity*,",4947862",*Owns Apple Computer*,,,,,adadvisor
69,"36489/*Dell*/,45101641/*Test Segment*/",1,Test Seg,45950816,36489,*Dell*,",45101641",*Test Segment*,,,,,
70,"12160/*Neustar AdAdvisor - Business*/,2965213/*Small office or Home office Business Owners*/",1,targeting-soho_us-csbo-sb_3pofftheshelf_neustar-ada_em/fi,46484804,12160,*Neustar AdAdvisor - Business*,",2965213",*Small office or Home office Business Owners*,,,,,adadvisor
71,"12160/*Neustar AdAdvisor - Business*/,2965252/*SOHO 2- Real Estate Services*/",1,targeting-soho_us-csbo-sb_3pofftheshelf_neustar-ada_em/fi,46484804,12160,*Neustar AdAdvisor - Business*,",2965252",*SOHO 2- Real Estate Services*,,,,,adadvisor
72,"33466/*Neustar AdAdvisor Identity Planner Audiences - Propensity*/,29074802/*I Often Go on Long Car Trips for Vacation*/",1,targeting-travelconsumers_us-csbo-con_3pofftheshelf_neustar-*actgr-acxm-alkaud-flb-skyd_de,46273659,33466,*Neustar AdAdvisor Identity Planner Audiences - Propensity*,",29074802",*I Often Go on Long Car Trips for Vacation*,,,,,adadvisor
73,"33466/*Neustar AdAdvisor Identity Planner Audiences - Propensity*/,29074643/*Ads Help Me Pick Products For My Kids*/",1,targeting-travelconsumers_us-csbo-con_3pofftheshelf_neustar-*actgr-acxm-alkaud-flb-skyd_de,46273659,33466,*Neustar AdAdvisor Identity Planner Audiences - Propensity*,",29074643",*Ads Help Me Pick Products For My Kids*,,,,,adadvisor
74,"33466/*Neustar AdAdvisor Identity Planner Audiences - Propensity*/,9774476/*Payment Methods for Leisure Travel:Online Bill Pay*/",1,targeting-travelconsumers_us-csbo-con_3pofftheshelf_neustar-*actgr-acxm-alkaud-flb-skyd_de,46273659,33466,*Neustar AdAdvisor Identity Planner Audiences - Propensity*,",9774476",*Payment Methods for Leisure Travel:Online Bill Pay*,,,,,adadvisor
75,"33281/*Neustar AdAdvisor Identity Planner Audiences - Business*/,4949619/*Scientists and Researchers*/",1,targeting-travelconsumers_us-csbo-con_3pofftheshelf_neustar-*actgr-acxm-alkaud-flb-skyd_de,46273659,33281,*Neustar AdAdvisor Identity Planner Audiences - Business*,",4949619",*Scientists and Researchers*,,,,,adadvisor
76,"33466/*Neustar AdAdvisor Identity Planner Audiences - Propensity*/,7374172/*Own or Play Video Games*/",1,targeting-gamingusers_us-csbo-gseries_3pofftheshelf_neustar-180-aiq-crp-strt_im/in,46273665,33466,*Neustar AdAdvisor Identity Planner Audiences - Propensity*,",7374172",*Own or Play Video Games*,,,,,adadvisor
77,"33466/*Neustar AdAdvisor Identity Planner Audiences - Propensity*/,9774557/*Internet Video/Music/Tv Set-Brands Owned:Video Game System*/",1,targeting-gamingusers_us-csbo-gseries_3pofftheshelf_neustar-180-aiq-crp-strt_im/in,46273665,33466,*Neustar AdAdvisor Identity Planner Audiences - Propensity*,",9774557",*Internet Video,Music,Tv Set-Brands Owned:Video Game System*,,,adadvisor
78,"33466/*Neustar AdAdvisor Identity Planner Audiences - Propensity*/,29074749/*Watch Network TV Primetime-Game Show/Contest*/",1,targeting-gamingusers_us-csbo-gseries_3pofftheshelf_neustar-180-aiq-crp-strt_im/in,46273665,33466,*Neustar AdAdvisor Identity Planner Audiences - Propensity*,",29074749",*Watch Network TV Primetime-Game Show,Contest*,,,,adadvisor
79,"33466/*Neustar AdAdvisor Identity Planner Audiences - Propensity*/,29074807/*I Need Games On Computer with Top Line Graphics*/",1,targeting-gamingusers_us-csbo-gseries_3pofftheshelf_neustar-180-aiq-crp-strt_im/in,46273665,33466,*Neustar AdAdvisor Identity Planner Audiences - Propensity*,",29074807",*I Need Games On Computer with Top Line Graphics*,,,,,adadvisor
80,"33495/*Reklaim Data Directory Taxonomy*/,43425287/*Reklaim > Demographic > Age > 18-54*/",1,targeting-agedemo18to54_us-csbo-con_3pofftheshelf_neustar-rkl_be/de,46459860,33495,*Reklaim Data Directory Taxonomy*,",43425287",*Reklaim , Demographic , Age , 18-54*,,
81,"33280/*Neustar AdAdvisor Identity Planner Audiences - ElementOne*/,4947189/*High Income Established Families*/",1,targeting-sohoandtelecommuters_us-csbo-sb_3pofftheshelf_neustar-astrsk-expr_fi,46273664,33280,*Neustar AdAdvisor Identity Planner Audiences - ElementOne*,",4947189",*High Income Established Families*,,,,,adadvisor
82,"33466/*Neustar AdAdvisor Identity Planner Audiences - Propensity*/,4946616/*I Try Keep Up/Developments in Technology*/",1,targeting-serverusers_us-csbo-sb_3pofftheshelf_neustar-123-180-zfd_be/im,46273663,33466,*Neustar AdAdvisor Identity Planner Audiences - Propensity*,",4946616",*I Try Keep Up,Developments in Technology*,,,,adadvisor
83,"33466/*Neustar AdAdvisor Identity Planner Audiences - Propensity*/,33447037/*HH Uses Home Automation(Controlling Home From Anywhere)*/",1,targeting-serverusers_us-csbo-sb_3pofftheshelf_neustar-123-180-zfd_be/im,46273663,33466,*Neustar AdAdvisor Identity Planner Audiences - Propensity*,",33447037",*HH Uses Home Automation(Controlling Home From Anywhere)*,,,,,adadvisor
84,"33281/*Neustar AdAdvisor Identity Planner Audiences - Business*/,4949572/*SMALL 35- Small Businesses*/",1,targeting-sbdmconsumers_us-csbo-sb_3pofftheshelf_neustar-123-180-33a_em/in,46273660,33281,*Neustar AdAdvisor Identity Planner Audiences - Business*,",4949572",*SMALL 35- Small Businesses*,,,,,adadvisor
85,"33281/*Neustar AdAdvisor Identity Planner Audiences - Business*/,4949581/*SOHO 11- Business Services*/",1,targeting-sbdmconsumers_us-csbo-sb_3pofftheshelf_neustar-123-180-33a_em/in,46273660,33281,*Neustar AdAdvisor Identity Planner Audiences - Business*,",4949581",*SOHO 11- Business Services*,,,,,adadvisor
86,"33281/*Neustar AdAdvisor Identity Planner Audiences - Business*/,4949665/*IT Decision Maker*/",1,targeting-sbdmconsumers_us-csbo-sb_3pofftheshelf_neustar-123-180-33a_em/in,46273660,33281,*Neustar AdAdvisor Identity Planner Audiences - Business*,",4949665",*IT Decision Maker*,,,,,adadvisor
87,"33466/*Neustar AdAdvisor Identity Planner Audiences - Propensity*/,29074767/*Business Purchase Decision-Involved ($500k+) in the Last 12 Months*/",1,targeting-sbdmconsumers_us-csbo-sb_3pofftheshelf_neustar-123-180-33a_em/in,46273660,33466,*Neustar AdAdvisor Identity Planner Audiences - Propensity*,",29074767",*Business Purchase Decision-Involved ($500k+) in the Last 12 Months*,,,,,adadvisor
88,"33466/*Neustar AdAdvisor Identity Planner Audiences - Propensity*/,29074887/*Business Purchase Decision-Involved ($10k-$100k) in the Last 12 Months*/",1,targeting-sbdmconsumers_us-csbo-sb_3pofftheshelf_neustar-123-180-33a_em/in,46273660,33466,*Neustar AdAdvisor Identity Planner Audiences - Propensity*,",29074887",*Business Purchase Decision-Involved ($10k-$100k) in the Last 12 Months*,,,,,adadvisor
89,"33466/*Neustar AdAdvisor Identity Planner Audiences - Propensity*/,29074896/*I Buy Technology that Connects To Products I Have*/",1,targeting-sbdmconsumers_us-csbo-sb_3pofftheshelf_neustar-123-180-33a_em/in,46273660,33466,*Neustar AdAdvisor Identity Planner Audiences - Propensity*,",29074896",*I Buy Technology that Connects To Products I Have*,,,,,adadvisor
90,"12894/*Neustar AdAdvisor Consumer Audiences*/,6919037/*Retail > Shopper Segments > Budget*/",1,targeting-travelconsumers_us-csbo-con_3pofftheshelf_neustar-*actgr-acxm-alkaud-flb-skyd_de,46273659,12894,*Neustar AdAdvisor Consumer Audiences*,",6919037",*Retail , Shopper Segments , Budget*,,,adadvisor
91,"26303/*Alliant DD Taxonomy*/,4932086/*College Graduates*/",1,targeting-collegegraduates_us-csbo-con_3pofftheshelf_neustar-180-ads-alnt_de/im,46459859,26303,*Alliant DD Taxonomy*,",4932086",*College Graduates*,,,,,
92,"23985/*33Across Taxonomy*/,9000051/*Sports Gaming Fanatics*/",1,targeting-gamingfanatics_us-csbo-gseries_3pofftheshelf_neustar-33a-msc_be/in,46460001,23985,*33Across Taxonomy*,",9000051",*Sports Gaming Fanatics*,,,,,33across
93,"12894/*Neustar AdAdvisor Consumer Audiences*/,44997617/*Education > Recent Graduates > All Graduates Major Undecided*/",1,targeting-collegegraduatesindividuals_us-csbo-con_3pofftheshelf_neustar-180-ads_co/de,46459998,12894,*Neustar AdAdvisor Consumer Audiences*,",44997617",*Education , Recent Graduates , All Graduates Major Undecided*,,,adadvisor
94,"12160/*Neustar AdAdvisor - Business*/,2965411/*SMALL 10- Business Services*/",1,targeting-sbdmhighspenders_us-csbo-sb_3pofftheshelf_neustar-ada_be/co/in,46475362,12160,*Neustar AdAdvisor - Business*,",2965411",*SMALL 10- Business Services*,,,,,adadvisor
95,"12894/*Neustar AdAdvisor Consumer Audiences*/,44997218/*Retail > Shopping > Online Purchase PC & Digital Games Last 3Month*/",1,targeting-pcbuyer_us-csbo-con_1pcrm_neustar-ada_na,46475367,12894,*Neustar AdAdvisor Consumer Audiences*,",44997218",*Retail , Shopping , Online Purchase PC & Digital Games Last 3Month*,,,adadvisor
96,"33281/*Neustar AdAdvisor Identity Planner Audiences - Business*/,4949574/*SMALL 5- Real Estate Agents And Managers*/",1,targeting-sbdm_us-csbo-sb_3pofftheshelf_neustar-ada_de/im,46475336,33281,*Neustar AdAdvisor Identity Planner Audiences - Business*,",4949574",*SMALL 5- Real Estate Agents And Managers*,,,,,adadvisor
97,"12894/*Neustar AdAdvisor Consumer Audiences*/,2996460/*Education > Currently Enrolled > Currently Full/Part-Time College Student*/",1,targeting-collegestudents_us-csbo-con_3pofftheshelf_neustar-ada_de/im,46475365,12894,*Neustar AdAdvisor Consumer Audiences*,",2996460",*Education , Currently Enrolled , Currently Full,Part-Time College Student*,,adadvisor
98,"33466/*Neustar AdAdvisor Identity Planner Audiences - Propensity*/,4948391/*Currently Full-Time College Student*/",1,targeting-collegestudents_us-csbo-con_3pofftheshelf_neustar-ada_de/im,46475365,33466,*Neustar AdAdvisor Identity Planner Audiences - Propensity*,",4948391",*Currently Full-Time College Student*,,,,,adadvisor
99,"33466/*Neustar AdAdvisor Identity Planner Audiences - Propensity*/,4946824/*Visit Dell.com in the Last 30 Days*/",1,targeting-dellcomputerconquesting_us-csbo-sb_3pofftheshelf_neustar-ada_fi/im,46475364,33466,*Neustar AdAdvisor Identity Planner Audiences - Propensity*,",4946824",*Visit Dell.com in the Last 30 Days*,,,,,adadvisor
100,"12894/*Neustar AdAdvisor Consumer Audiences*/,40503414/*Computers & Electronics > Use Laptop/Notebook/Netbook for Home Automation*/",1,targeting-sbdminmarketforlaptops_us-csbo-csb_3pofftheshelf_neustar-ada_be/em/im,46475363,12894,*Neustar AdAdvisor Consumer Audiences*,",40503414",*Computers & Electronics , Use Laptop,Notebook,Netbook for Home Automation*,,adadvisor
101,"12160/*Neustar AdAdvisor - Business*/,2965369/*MICRO 3- Real Estate Agents And Managers*/",1,targeting-sbdmhighspenders_us-csbo-sb_3pofftheshelf_neustar-ada_be/co/in,46475362,12160,*Neustar AdAdvisor - Business*,",2965369",*MICRO 3- Real Estate Agents And Managers*,,,,,adadvisor
102,"12160/*Neustar AdAdvisor - Business*/,2965437/*SMALL 35- Small Businesses*/",1,targeting-sbdmhighspenders_us-csbo-sb_3pofftheshelf_neustar-ada_be/co/in,46475362,12160,*Neustar AdAdvisor - Business*,",2965437",*SMALL 35- Small Businesses*,,,,,adadvisor
103,"25752/*180byTwo_DataDirectory*/,44579680/*180byTwo from Anteriad > Truthset Scored > B2C > Demographic > Education > College Graduate Degree*/",1,targeting-collegegraduatesindividuals_us-csbo-con_3pofftheshelf_neustar-180-ads_co/de,46459998,25752,*180byTwo_DataDirectory*,",44579680",*180byTwo from Anteriad , Truthset Scored , B2C , Demographic , Education > College Graduate Degree*/,180bytwo
104,"33466/*Neustar AdAdvisor Identity Planner Audiences - Propensity*/,4946617/*Love to Buy New Gadgets and Appliances*/",1,targeting-sbdmhighspenders_us-csbo-sb_3pofftheshelf_neustar-ada_be/co/in,46475362,33466,*Neustar AdAdvisor Identity Planner Audiences - Propensity*,",4946617",*Love to Buy New Gadgets and Appliances*,,,,,adadvisor
105,"12894/*Neustar AdAdvisor Consumer Audiences*/,6919276/*Computers & Electronics > Cell/Smartphones/Tablets > Uses Games Apps on Smartphone*/",1,targeting-gamingfanatics_us-csbo-gseries_3pofftheshelf_neustar-ada_be/in,46475335,12894,*Neustar AdAdvisor Consumer Audiences*,",6919276",*Computers & Electronics , Cell,Smartphones,Tablets , Uses Games Apps on Smartphone*/,adadvisor
106,"12894/*Neustar AdAdvisor Consumer Audiences*/,40503004/*Entertainment > Downloaded/Streamed From Internet > Internet Video/Music/Tv Set-Brands Owned: Video Game System*/",1,targeting-gamingfanatics_us-csbo-gseries_3pofftheshelf_neustar-ada_be/in,46475335,12894,*Neustar AdAdvisor Consumer Audiences*,",40503004",*Entertainment , Downloaded,Streamed From Internet , Internet Video,Music/Tv Set-Brands Owned: Video Game System*/,adadvisor
107,"12894/*Neustar AdAdvisor Consumer Audiences*/,44997320/*Computers & Electronics > Video Game Console > Type of Video Game System Own/Play Nintendo Switch*/",1,targeting-gamingfanatics_us-csbo-gseries_3pofftheshelf_neustar-ada_be/in,46475335,12894,*Neustar AdAdvisor Consumer Audiences*,",44997320",*Computers & Electronics , Video Game Console , Type of Video Game System Own,Play Nintendo Switch*,,adadvisor
108,"12894/*Neustar AdAdvisor Consumer Audiences*/,40503008/*Computers & Electronics > Video Game Console > Type of Video Game System Own/Play Playstation 4*/",1,targeting-usgaminggamer_us-csbo-gseries_3pofftheshelf_neustar-ada_be/im/in,46475334,12894,*Neustar AdAdvisor Consumer Audiences*,",40503008",*Computers & Electronics , Video Game Console , Type of Video Game System Own,Play Playstation 4*,,adadvisor
109,"12894/*Neustar AdAdvisor Consumer Audiences*/,44997578/*Web Browsing > Visited WebSite: Gamer Network Last 3Month*/",1,targeting-usgaminggamer_us-csbo-gseries_3pofftheshelf_neustar-ada_be/im/in,46475334,12894,*Neustar AdAdvisor Consumer Audiences*,",44997578",*Web Browsing , Visited WebSite: Gamer Network Last 3Month*,,,,adadvisor
110,"12894/*Neustar AdAdvisor Consumer Audiences*/,6919502/*Hobbies & Interests > Sports Interests > Major Lg Baseball-Very Interested-Last 12M*/",1,targeting-esportsenthusiasts_us-csbo-gseries_3pofftheshelf_neustar-ada_be/in,46475333,12894,*Neustar AdAdvisor Consumer Audiences*,",6919502",*Hobbies & Interests , Sports Interests , Major Lg Baseball-Very Interested-Last 12M*,,,adadvisor
111,"33466/*Neustar AdAdvisor Identity Planner Audiences - Propensity*/,4947873/*Last Computer Purchase: <1 Year Ago*/",1,targeting-purchaseintent_us-csbo-con_1pcrm_neustar-ada_na,46475368,33466,*Neustar AdAdvisor Identity Planner Audiences - Propensity*,",4947873",*Last Computer Purchase: <1 Year Ago*,,,,,adadvisor
112,"12894/*Neustar AdAdvisor Consumer Audiences*/,2997579/*Technology & Computing > Computer Purchase > HH's Most Recent PC Purchased- <1 Yr Ago*/",1,targeting-purchaseintent_us-csbo-con_1pcrm_neustar-ada_na,46475368,12894,*Neustar AdAdvisor Consumer Audiences*,",2997579",*Technology & Computing , Computer Purchase , HH's Most Recent PC Purchased- <1 Yr Ago*,,,adadvisor
113,"12894/*Neustar AdAdvisor Consumer Audiences*/,2997796/*Travel > Domestic Air Travel > Domestic Travel-Last Trip-Airline Last 12M: Southwest*/",1,targeting-domesticairflyers_us-csbo-con_3pofftheshelf_neustar-ada_ge/in,46484796,12894,*Neustar AdAdvisor Consumer Audiences*,",2997796",*Travel , Domestic Air Travel , Domestic Travel-Last Trip-Airline Last 12M: Southwest*,,,adadvisor
114,"12894/*Neustar AdAdvisor Consumer Audiences*/,2997794/*Travel > Domestic Air Travel > Domestic Travel-Last Trip-Airline Last 12M: American Airlines*/",1,targeting-domesticairflyers_us-csbo-con_3pofftheshelf_neustar-ada_ge/in,46484796,12894,*Neustar AdAdvisor Consumer Audiences*,",2997794",*Travel , Domestic Air Travel , Domestic Travel-Last Trip-Airline Last 12M: American Airlines*,,,adadvisor
115,"12894/*Neustar AdAdvisor Consumer Audiences*/,2997252/*Restaurants > Family Restaurant & Steak House > Family Restaurant-Most Last 30D-Olive Garden*/",1,targeting-restaurants_us-csbo-sb_3pofftheshelf_neustar-ada_fi/im,46485035,12894,*Neustar AdAdvisor Consumer Audiences*,",2997252",*Restaurants , Family Restaurant & Steak House , Family Restaurant-Most Last 30D-Olive Garden*,,,adadvisor
116,"12894/*Neustar AdAdvisor Consumer Audiences*/,2997253/*Restaurants > Family Restaurant & Steak House > Family Restaurant-Most Last 30D-Outback Steakhouse*/",1,targeting-restaurants_us-csbo-sb_3pofftheshelf_neustar-ada_fi/im,46485035,12894,*Neustar AdAdvisor Consumer Audiences*,",2997253",*Restaurants , Family Restaurant & Steak House , Family Restaurant-Most Last 30D-Outback Steakhouse*,,,adadvisor
117,"12894/*Neustar AdAdvisor Consumer Audiences*/,2997245/*Restaurants > Family Restaurant & Steak House > Family Restaurant-Most Last 30D-Cheesecake Factory*/",1,targeting-restaurants_us-csbo-sb_3pofftheshelf_neustar-ada_fi/im,46485035,12894,*Neustar AdAdvisor Consumer Audiences*,",2997245",*Restaurants , Family Restaurant & Steak House , Family Restaurant-Most Last 30D-Cheesecake Factory*,,,adadvisor
118,"12894/*Neustar AdAdvisor Consumer Audiences*/,2997131/*Personal Finance > Banking > Banking/Investments: Have Savings Account(s)*/",1,targeting-accountants_us-csbo-sb_3pofftheshelf_neustar-ada_em/fi/im/in,46485036,12894,*Neustar AdAdvisor Consumer Audiences*,",2997131",*Personal Finance , Banking , Banking,Investments: Have Savings Account(s)*,,adadvisor
119,"12160/*Neustar AdAdvisor - Business*/,2965188/*Finance, Insurance, and Accounting*/",1,targeting-accountants_us-csbo-sb_3pofftheshelf_neustar-ada_em/fi/im/in,46485036,12160,*Neustar AdAdvisor - Business*,",2965188","*Finance, Insurance, and Accounting*",,,,,adadvisor
120,"12894/*Neustar AdAdvisor Consumer Audiences*/,2997129/*Personal Finance > Banking > Banking/Investments: Have Interest Bearing Check Account*/",1,targeting-accountants_us-csbo-sb_3pofftheshelf_neustar-ada_em/fi/im/in,46485036,12894,*Neustar AdAdvisor Consumer Audiences*,",2997129",*Personal Finance , Banking , Banking,Investments: Have Interest Bearing Check Account*,,adadvisor
121,"12894/*Neustar AdAdvisor Consumer Audiences*/,6919426/*Demographics > Occupation > Occupation: Professional- Architecture & Engineering/Life*/",1,targeting-architects_us-csbo-sb_3pofftheshelf_neustar-ada_em/fi/in,46485034,12894,*Neustar AdAdvisor Consumer Audiences*,",6919426",*Demographics , Occupation , Occupation: Professional- Architecture & Engineering,Life*,,adadvisor
122,"33281/*Neustar AdAdvisor Identity Planner Audiences - Business*/,4949642/*Architects*/",1,targeting-architects_us-csbo-sb_3pofftheshelf_neustar-ada_em/fi/in,46485034,33281,*Neustar AdAdvisor Identity Planner Audiences - Business*,",4949642",*Architects*,,,,,adadvisor
123,"33282/*Neustar AdAdvisor Identity Planner Audiences - Demographic*/,40548194/*Household Occupations | Household Member Occupation Group | Technical:Computers/Math and Architect/Engineering*/",1,targeting-architects_us-csbo-sb_3pofftheshelf_neustar-ada_em/fi/in,46485034,33282,*Neustar AdAdvisor Identity Planner Audiences - Demographic*,",40548194",*Household Occupations | Household Member Occupation Group | Technical:Computers,Math and Architect,Engineering*,,,adadvisor
124,"33466/*Neustar AdAdvisor Identity Planner Audiences - Propensity*/,4947214/*Occupation: Professional- Architecture & Engineering/Life*/",1,targeting-architects_us-csbo-sb_3pofftheshelf_neustar-ada_em/fi/in,46485034,33466,*Neustar AdAdvisor Identity Planner Audiences - Propensity*,",4947214",*Occupation: Professional- Architecture & Engineering,Life*,,,,adadvisor
125,"12894/*Neustar AdAdvisor Consumer Audiences*/,6919386/*Computers & Electronics > TV - When Acquired > HH Acquired Any TV 3-4 Years Ago*/",1,targeting-tvlovers_us-csbo-sb_3pofftheshelf_neustar-ada_be/in,46485033,12894,*Neustar AdAdvisor Consumer Audiences*,",6919386",*Computers & Electronics , TV - When Acquired , HH Acquired Any TV 3-4 Years Ago*,,,adadvisor
126,"12894/*Neustar AdAdvisor Consumer Audiences*/,6919388/*Computers & Electronics > TV - When Acquired > HH Acquired Any TV 1-2 Years Ago*/",1,targeting-tvlovers_us-csbo-sb_3pofftheshelf_neustar-ada_be/in,46485033,12894,*Neustar AdAdvisor Consumer Audiences*,",6919388",*Computers & Electronics , TV - When Acquired , HH Acquired Any TV 1-2 Years Ago*,,,adadvisor
127,"12160/*Neustar AdAdvisor - Business*/,2965209/*Company Size: 1-4 employees*/",1,targeting-itdmlessthan100employees_us-csbo-sb_3pofftheshelf_neustar-ada_em/fi,46484803,12160,*Neustar AdAdvisor - Business*,",2965209",*Company Size: 1-4 employees*,,,,,adadvisor
128,"12160/*Neustar AdAdvisor - Business*/,2965210/*Company Size: 20-100 employees*/",1,targeting-itdmlessthan100employees_us-csbo-sb_3pofftheshelf_neustar-ada_em/fi,46484803,12160,*Neustar AdAdvisor - Business*,",2965210",*Company Size: 20-100 employees*,,,,,adadvisor
129,"12160/*Neustar AdAdvisor - Business*/,2965212/*Company Size: 5-19 employees*/",1,targeting-itdmlessthan100employees_us-csbo-sb_3pofftheshelf_neustar-ada_em/fi,46484803,12160,*Neustar AdAdvisor - Business*,",2965212",*Company Size: 5-19 employees*,,,,,adadvisor
130,"12894/*Neustar AdAdvisor Consumer Audiences*/,44997519/*Entertainment > Television Shows > Watched Sports Event Online: NFL Football Regular Season*/",1,targeting-esportsenthusiasts_us-csbo-gseries_3pofftheshelf_neustar-ada_be/in,46475333,12894,*Neustar AdAdvisor Consumer Audiences*,",44997519",*Entertainment , Television Shows , Watched Sports Event Online: NFL Football Regular Season*,,,adadvisor
131,"12894/*Neustar AdAdvisor Consumer Audiences*/,2996464/*Education > Highest Level of Education for Head of Household > Edu: Graduate Degree*/",1,targeting-collegegraduatesindividuals_us-csbo-con_3pofftheshelf_neustar-ada_co/de,46475332,12894,*Neustar AdAdvisor Consumer Audiences*,",2996464",*Education , Highest Level of Education for Head of Household , Edu: Graduate Degree*,,,adadvisor
132,"14007/*Neustar AdAdvisor - Individual Age Group*/,3033404/*Age Group --> 45-54 --> 54-55*/",1,targeting-agedemo18to54_us-csbo-con_3pofftheshelf_neustar-ada_be/de,46475331,14007,*Neustar AdAdvisor - Individual Age Group*,",3033404",*Age Group --, 45-54 --, 54-55*,,,adadvisor
133,"25752/*180byTwo_DataDirectory*/,44581260/*180byTwo from Anteriad > B2B Intent > Technology > Virtualization > Server Virtualization*/",1,targeting-inmarketforservers_us-csbo-sb_3pofftheshelf_neustar-180_de/im,46460037,25752,*180byTwo_DataDirectory*,",44581260",*180byTwo from Anteriad , B2B Intent , Technology , Virtualization , Server Virtualization*/,180bytwo
134,"25752/*180byTwo_DataDirectory*/,30867625/*180byTwo from Anteriad > B2B > Functional Area > Middle Management > Business Development Managers*/",1,targeting-smallbusinessdevelopmentmanagerconsumers_us-csbo-gseries_3pofftheshelf_neustar-180-33a_em/fi,46460035,25752,*180byTwo_DataDirectory*,",30867625",*180byTwo from Anteriad , B2B , Functional Area , Middle Management , Business Development Managers*/,180bytwo
135,"29406/*AnalyticsIQ Taxonomy*/,14849332/*AnalyticsIQ > Seasonal > Back To School > College Students*/",1,targeting-collegestudents_us-csbo-con_3pofftheshelf_neustar-ada-aiq_de/im,46460033,29406,*AnalyticsIQ Taxonomy*,",14849332",*AnalyticsIQ , Seasonal , Back To School , College Students*,,analyticsiq
136,"36/*Datonics Segments*/,45167709/*Electronics > Computers > Dell*/",1,targeting-dellcomputerconquesting_us-csbo-sb_3pofftheshelf_neustar-ada-dat_fi/im,46460032,36,*Datonics Segments*,",45167709",*Electronics , Computers , Dell*,,,
137,"25752/*180byTwo_DataDirectory*/,30867656/*180byTwo from Anteriad > B2B > Functional Area > Sales & Business Development > Business Development*/",1,targeting-sbdm_us-csbo-sb_3pofftheshelf_neustar-180-ads_de/im,46460004,25752,*180byTwo_DataDirectory*,",30867656",*180byTwo from Anteriad , B2B , Functional Area , Sales & Business Development , Business Development*/,180bytwo
138,"33271/*Adstra Data Directory Taxonomy*/,12816299/*B2B_100055*/",1,targeting-sbdm_us-csbo-sb_3pofftheshelf_neustar-180-ads_de/im,46460004,33271,*Adstra Data Directory Taxonomy*,",12816299",*B2B_100055*,,,,,
139,"30646/*Clickagy Data Directory*/,20946444/*In-Market > Electronics > Computers > Laptops*/",1,targeting-sbdminmarketforlaptops_us-csbo-csb_3pofftheshelf_neustar-180-ada-cli_be/em/im,46460003,30646,*Clickagy Data Directory*,",20946444",*In-Market , Electronics , Computers , Laptops*,,clickagy
140,"25752/*180byTwo_DataDirectory*/,45495713/*180byTwo from Anteriad > B2B > Decision Makers > Business Development Decision Makers*/",1,targeting-sbdminmarketforlaptops_us-csbo-csb_3pofftheshelf_neustar-180-ada-cli_be/em/im,46460003,25752,*180byTwo_DataDirectory*,",45495713",*180byTwo from Anteriad , B2B , Decision Makers , Business Development Decision Makers*,,180bytwo
141,"26303/*Alliant DD Taxonomy*/,4931890/*Alliant Loyal Super Spenders*/",1,targeting-sbdmhighspenders_us-csbo-sb_3pofftheshelf_neustar-180-alnt_be/co/in,46460002,26303,*Alliant DD Taxonomy*,",4931890",*Alliant Loyal Super Spenders*,,,,,
142,"25752/*180byTwo_DataDirectory*/,44581179/*180byTwo from Anteriad > B2B Intent > Technology > It Management > Software Development Outsourcing*/",1,targeting-sbdmhighspenders_us-csbo-sb_3pofftheshelf_neustar-180-alnt_be/co/in,46460002,25752,*180byTwo_DataDirectory*,",44581179",*180byTwo from Anteriad , B2B Intent , Technology , It Management , Software Development Outsourcing*/,180bytwo
143,"22976/*Media Source Solutions*/,6808774/*Media Source Solutions > Consumer > Interests > Electronics & Gadgets > Known Video Games Enthusiasts*/",1,targeting-gamingfanatics_us-csbo-gseries_3pofftheshelf_neustar-33a-msc_be/in,46460001,22976,*Media Source Solutions*,",6808774",*Media Source Solutions , Consumer , Interests , Electronics & Gadgets , Known Video Games Enthusiasts*/,
144,"23985/*33Across Taxonomy*/,8999908/*Games Online*/",1,targeting-usgaminggamer_us-csbo-gseries_3pofftheshelf_neustar-33a-aiq_be/im/in,46460000,23985,*33Across Taxonomy*,",8999908",*Games Online*,,,,,33across
145,"29406/*AnalyticsIQ Taxonomy*/,40446519/*AnalyticsIQ > Social Distancing > Adjusting to Life at Home > Video Games > Casual Gamers Playing More Than Usual*/",1,targeting-usgaminggamer_us-csbo-gseries_3pofftheshelf_neustar-33a-aiq_be/im/in,46460000,29406,*AnalyticsIQ Taxonomy*,",40446519",*AnalyticsIQ , Social Distancing , Adjusting to Life at Home , Video Games , Casual Gamers Playing More Than Usual*/,analyticsiq
146,"26790/*Gravy - New Data Directory*/,32667840/*eSports Enthusiast*/",1,targeting-esportsenthusiasts_us-csbo-gseries_3pofftheshelf_neustar-cli-ga-strt_be/in,46459999,26790,*Gravy - New Data Directory*,",32667840",*eSports Enthusiast*,,,,,
147,"33962/*Start.io Data Taxonomy*/,41557785/*eSports Gamers*/",1,targeting-esportsenthusiasts_us-csbo-gseries_3pofftheshelf_neustar-cli-ga-strt_be/in,46459999,33962,*Start.io Data Taxonomy*,",41557785",*eSports Gamers*,,,,,
148,"37656/*Clickagy Public Taxonomy*/,20946483/*In-Market > Entertainment > eSports*/",1,targeting-esportsenthusiasts_us-csbo-gseries_3pofftheshelf_neustar-cli-ga-strt_be/in,46459999,37656,*Clickagy Public Taxonomy*,",20946483",*In-Market , Entertainment , eSports*,,,clickagy
149,"23985/*33Across Taxonomy*/,9000021/*Small Business Business Services*/",1,targeting-smallbusinessdevelopmentmanagerconsumers_us-csbo-gseries_3pofftheshelf_neustar-180-33a_em/fi,46460035,23985,*33Across Taxonomy*,",9000021",*Small Business Business Services*,,,,,33across
150,"25752/*180byTwo_DataDirectory*/,44581221/*180byTwo from Anteriad > B2B Intent > Technology > Servers > Server Automation*/",1,targeting-inmarketforservers_us-csbo-sb_3pofftheshelf_neustar-180_de/im,46460037,25752,*180byTwo_DataDirectory*,",44581221",*180byTwo from Anteriad , B2B Intent , Technology , Servers , Server Automation*/,180bytwo
151,"14007/*Neustar AdAdvisor - Individual Age Group*/,3033420/*Age Group --> 35-44 --> 38-39*/",1,targeting-agedemo18to54_us-csbo-con_3pofftheshelf_neustar-ada_be/de,46475331,14007,*Neustar AdAdvisor - Individual Age Group*,",3033420",*Age Group --, 35-44 --, 38-39*,,,adadvisor
152,"25752/*180byTwo_DataDirectory*/,30867379/*180byTwo from Anteriad > Auto > In Market*/",1,targeting-inmarketforservers_us-csbo-sb_3pofftheshelf_neustar-180_de/im,46460037,25752,*180byTwo_DataDirectory*,",30867379",*180byTwo from Anteriad , Auto , In Market*,,,180bytwo
153,"14007/*Neustar AdAdvisor - Individual Age Group*/,3033422/*Age Group --> 35-44 --> 36-37*/",1,targeting-agedemo18to54_us-csbo-con_3pofftheshelf_neustar-ada_be/de,46475331,14007,*Neustar AdAdvisor - Individual Age Group*,",3033422",*Age Group --, 35-44 --, 36-37*,,,adadvisor
154,"14007/*Neustar AdAdvisor - Individual Age Group*/,3033424/*Age Group --> 30-34 --> 34-35*/",1,targeting-agedemo18to54_us-csbo-con_3pofftheshelf_neustar-ada_be/de,46475331,14007,*Neustar AdAdvisor - Individual Age Group*,",3033424",*Age Group --, 30-34 --, 34-35*,,,adadvisor
155,"14007/*Neustar AdAdvisor - Individual Age Group*/,3033430/*Age Group --> 25-29 --> 28-29*/",1,targeting-agedemo18to54_us-csbo-con_3pofftheshelf_neustar-ada_be/de,46475331,14007,*Neustar AdAdvisor - Individual Age Group*,",3033430",*Age Group --, 25-29 --, 28-29*,,,adadvisor
156,"14007/*Neustar AdAdvisor - Individual Age Group*/,3033432/*Age Group --> 25-29 --> 26-27*/",1,targeting-agedemo18to54_us-csbo-con_3pofftheshelf_neustar-ada_be/de,46475331,14007,*Neustar AdAdvisor - Individual Age Group*,",3033432",*Age Group --, 25-29 --, 26-27*,,,adadvisor
157,"14007/*Neustar AdAdvisor - Individual Age Group*/,3033434/*Age Group --> 21-24 --> 24-25*/",1,targeting-agedemo18to54_us-csbo-con_3pofftheshelf_neustar-ada_be/de,46475331,14007,*Neustar AdAdvisor - Individual Age Group*,",3033434",*Age Group --, 21-24 --, 24-25*,,,adadvisor
158,"14007/*Neustar AdAdvisor - Individual Age Group*/,3033436/*Age Group --> 21-24 --> 22-23*/",1,targeting-agedemo18to54_us-csbo-con_3pofftheshelf_neustar-ada_be/de,46475331,14007,*Neustar AdAdvisor - Individual Age Group*,",3033436",*Age Group --, 21-24 --, 22-23*,,,adadvisor
159,"14007/*Neustar AdAdvisor - Individual Age Group*/,3033438/*Age Group --> 18-20 --> 20-21*/",1,targeting-agedemo18to54_us-csbo-con_3pofftheshelf_neustar-ada_be/de,46475331,14007,*Neustar AdAdvisor - Individual Age Group*,",3033438",*Age Group --, 18-20 --, 20-21*,,,adadvisor
160,"33282/*Neustar AdAdvisor Identity Planner Audiences - Demographic*/,4947168/*30-34*/",1,targeting-agedemo18to54_us-csbo-con_3pofftheshelf_neustar-ada_be/de,46475331,33282,*Neustar AdAdvisor Identity Planner Audiences - Demographic*,",4947168",*30-34*,,,,,adadvisor
161,"33282/*Neustar AdAdvisor Identity Planner Audiences - Demographic*/,4947170/*40-44*/",1,targeting-agedemo18to54_us-csbo-con_3pofftheshelf_neustar-ada_be/de,46475331,33282,*Neustar AdAdvisor Identity Planner Audiences - Demographic*,",4947170",*40-44*,,,,,adadvisor
162,"12894/*Neustar AdAdvisor Consumer Audiences*/,2996467/*Education > Highest Level of Education for Head of Household > Edu: Some College*/",1,targeting-collegegraduates_us-csbo-con_3pofftheshelf_neustar-ada_de/im,46475330,12894,*Neustar AdAdvisor Consumer Audiences*,",2996467",*Education , Highest Level of Education for Head of Household , Edu: Some College*,,,adadvisor
163,"12894/*Neustar AdAdvisor Consumer Audiences*/,6920108/*Print Media > Magazines > Read Parents Last 6 Month*/",1,targeting-parents_us-csbo-con_3pofftheshelf_neustar-ada_im/in,46475329,12894,*Neustar AdAdvisor Consumer Audiences*,",6920108",*Print Media , Magazines , Read Parents Last 6 Month*,,,adadvisor
164,"33466/*Neustar AdAdvisor Identity Planner Audiences - Propensity*/,4948832/*Read Parents Last 6 Month*/",1,targeting-parents_us-csbo-con_3pofftheshelf_neustar-ada_im/in,46475329,33466,*Neustar AdAdvisor Identity Planner Audiences - Propensity*,",4948832",*Read Parents Last 6 Month*,,,,,adadvisor
165,"12894/*Neustar AdAdvisor Consumer Audiences*/,40502966/*Lifestyle Statements > Likely to Buy From Company Donating to Charity*/",1,targeting-charitabledonations_us-csbo-con_3pofftheshelf_neustar-ada_co/im/in,46475328,12894,*Neustar AdAdvisor Consumer Audiences*,",40502966",*Lifestyle Statements , Likely to Buy From Company Donating to Charity*,,,,adadvisor
166,"12894/*Neustar AdAdvisor Consumer Audiences*/,40503232/*Lifestyle Statements > Shopping > I am more Likely to Buy from a Company that Donates to Charity*/",1,targeting-charitabledonations_us-csbo-con_3pofftheshelf_neustar-ada_co/im/in,46475328,12894,*Neustar AdAdvisor Consumer Audiences*,",40503232",*Lifestyle Statements , Shopping , I am more Likely to Buy from a Company that Donates to Charity*,,,adadvisor
167,"33466/*Neustar AdAdvisor Identity Planner Audiences - Propensity*/,4947819/*HH Owns Portable Generator*/",1,targeting-genxers_us-csbo-con_3pofftheshelf_neustar-ada_be/im,46475327,33466,*Neustar AdAdvisor Identity Planner Audiences - Propensity*,",4947819",*HH Owns Portable Generator*,,,,,adadvisor
168,"12160/*Neustar AdAdvisor - Business*/,2965274/*SOHO 25- Small Office Or Home Office Businesses*/",1,targeting-soho_us-csbo-sb_3pofftheshelf_neustar-ada_em/fi,46484804,12160,*Neustar AdAdvisor - Business*,",2965274",*SOHO 25- Small Office Or Home Office Businesses*,,,,,adadvisor
